handle,fieldType,name,visible,plainDescription,categorySlugs,primaryCategorySlug,media,mediaAltText,ribbon,brand,price,strikethroughPrice,baseUnit,baseUnitMeasurement,totalUnits,totalUnitsMeasurement,cost,inventory,preOrderEnabled,preOrderMessage,preOrderLimit,sku,barcode,weight,productOptionName1,productOptionType1,productOptionChoices1,productOptionName2,productOptionType2,productOptionChoices2,productOptionName3,productOptionType3,productOptionChoices3,productOptionName4,productOptionType4,productOptionChoices4,productOptionName5,productOptionType5,productOptionChoices5,productOptionName6,productOptionType6,productOptionChoices6,modifierName1,modifierType1,modifierCharLimit1,modifierMandatory1,modifierDescription1,modifierName2,modifierType2,modifierCharLimit2,modifierMandatory2,modifierDescription2,modifierName3,modifierType3,modifierCharLimit3,modifierMandatory3,modifierDescription3,modifierName4,modifierType4,modifierCharLimit4,modifierMandatory4,modifierDescription4,modifierName5,modifierType5,modifierCharLimit5,modifierMandatory5,modifierDescription5,modifierName6,modifierType6,modifierCharLimit6,modifierMandatory6,modifierDescription6,modifierName7,modifierType7,modifierCharLimit7,modifierMandatory7,modifierDescription7,modifierName8,modifierType8,modifierCharLimit8,modifierMandatory8,modifierDescription8,modifierName9,modifierType9,modifierCharLimit9,modifierMandatory9,modifierDescription9,modifierName10,modifierType10,modifierCharLimit10,modifierMandatory10,modifierDescription10
Product_2abb9537-0ea6-47c6-a79c-87ac7793059f,PRODUCT,Dhan Yog Yantra,true,"<p>Are you unable to accumulate wealth despite working hard? Is there a lack of growth and abundance in your business? 'Mere Pandit Ji' brings you the 'Dhan Yog Yantra'—as described in the sacred scriptures. This special jar contains a blend of rare and holy ingredients designed to open the pathways for wealth to enter your life and to eradicate poverty.</p><p>Does money fail to stay with you despite your hard work, or are you facing losses in your business? 'Mere Pandit Ji' presents the *Siddha* (consecrated) 'Dhan Yog Yantra'—a unique combination of sacred materials that dispels poverty and unlocks new avenues for wealth.</p><p><span style=""font-weight: 700"">The Secrets Behind the Yantra's Powers:</span></p><p>• <span style=""font-weight: 700"">Grains (Maize/Red Lentils): </span>To ensure happiness in the home and to keep your granaries (food stores) ever-full.</p><p>• <span style=""font-weight: 700"">Bay Leaf:</span> For the fulfillment of desires and the removal of obstacles from your path.</p><p>• <span style=""font-weight: 700"">Yellow Sandalwood &amp; Lentils:</span> For business expansion and to invoke the grace of Guru (Jupiter).</p><p>• <span style=""font-weight: 700"">Red Chili:</span> Protection against the evil eye and envy cast by rivals.</p><p>• <span style=""font-weight: 700"">Black Sesame Seeds:</span> To curb unnecessary expenses and to receive the blessings of Lord Shani (Saturn).</p><p>• <span style=""font-weight: 700"">Whole Turmeric:</span> To secure the blessings of elders, ensure the steadfast presence of Goddess Lakshmi, and maintain a continuous flow of wealth.</p><p><span style=""font-weight: 700"">Key Benefits:</span></p><p>• <span style=""font-weight: 700"">Recovery of Stalled Funds:</span> Opens up new sources of income.</p><p>• <span style=""font-weight: 700"">Abundance (*Barkat*): </span>Enhances the stability and retention of money within your business and home.</p><p>• <span style=""font-weight: 700"">Debt Relief:</span> Aids in liberating you from financial distress and debt.</p><p><span style=""font-weight: 700"">Placement: </span>Install this Yantra in your safe, locker, or the cash counter of your shop on a Thursday or Friday.</p><p>➢ Write your own destiny—only with 'Mere Pandit Ji'.</p>",grahyantra,grahyantra,,,Unlock Financial Growth,Mere Pandit Ji ,5100,,,,,,,IN_STOCK,false,,,,,,,,,,,,,,,,,,,,,,,,,,,,,,,,,,,,,,,,,,,,,,,,,,,,,,,,,,,,,,,,,,,,,,,,,
Product_2abb9537-0ea6-47c6-a79c-87ac7793059f,MEDIA,,,,,,1e6e0c_2b0bb1e8be834a8fbc227e71c5d7176a~mv2.jpg,Prosperity remedy grains,,,,,,,,,,,,,,,,,,,,,,,,,,,,,,,,,,,,,,,,,,,,,,,,,,,,,,,,,,,,,,,,,,,,,,,,,,,,,,,,,,,,
Product_2abb9537-0ea6-47c6-a79c-87ac7793059f,MEDIA,,,,,,1e6e0c_98b0c032a5b748c3965284aa73efe299~mv2.jpg,Vastu dhan yog solution,,,,,,,,,,,,,,,,,,,,,,,,,,,,,,,,,,,,,,,,,,,,,,,,,,,,,,,,,,,,,,,,,,,,,,,,,,,,,,,,,,,,
Product_2abb9537-0ea6-47c6-a79c-87ac7793059f,MEDIA,,,,,,1e6e0c_2ce8608daa08457fb685aee99a1ff392~mv2.jpg,Financial growth remedy,,,,,,,,,,,,,,,,,,,,,,,,,,,,,,,,,,,,,,,,,,,,,,,,,,,,,,,,,,,,,,,,,,,,,,,,,,,,,,,,,,,,
Product_69054475-733c-4837-98d0-f4795c34b1e9,PRODUCT,Gajalakshmi Yog Yantra,true,"<p>Do you feel a lack of honor, opulence, and financial stability in your life? 'Mere Pandit Ji' presents to you the exclusive 'Gajalakshmi Yog Yantra.' This jar contains a consecrated blend of rare ingredients designed to awaken the auspicious effects of the 'Gajalakshmi Yog' within your horoscope, thereby enriching your life with comfort and luxury.</p><p><span style=""font-weight: 700"">The Yantra's Divine Ingredients and Their Benefits:</span></p><ul><li><p><span style=""font-weight: 700"">Peeli Kaudi (Yellow Cowrie Shell): </span>A direct manifestation of Goddess Lakshmi herself. It attracts wealth and prosperity while warding off negativity.</p></li><li><p><span style=""font-weight: 700"">Janeu (Sacred Thread):</span> Infuses the pure energies of Lord Vishnu and the divine preceptor, Jupiter (Devguru Brihaspati), bringing righteousness and stability to your financial affairs.</p></li><li><p><span style=""font-weight: 700"">Supari (Betel Nut):</span> A symbol of completeness and unwavering resolve. Blessed by Lord Ganesha and Goddess Lakshmi, it ensures the successful completion of all your endeavors.</p></li><li><p><span style=""font-weight: 700"">Chana Daal (Split Chickpeas):</span> Strengthens the influence of the planet Jupiter, leading to the attainment of wisdom, good fortune, and financial gains (specifically associated with gold).</p></li><li><p><span style=""font-weight: 700"">Rui (Cotton):</span> Instills gentleness and tranquility in life, creating a positive and harmonious atmosphere within the home.</p></li><li><p><span style=""font-weight: 700"">Yellow Cloth &amp; Kalawa (Sacred Thread):</span> Represent the auspiciousness of sacred rituals and serve as a divine protective shield bestowed by the Almighty.</p></li></ul><p><span style=""font-weight: 700"">Key Benefits:</span></p><ul><li><p><span style=""font-weight: 700"">Attainment of Rajyoga: </span>Enhances your honor, social standing, and prestige within the community.</p></li><li><p><span style=""font-weight: 700"">Stable Wealth (Sthir Lakshmi): </span>Creates new avenues for income and ensures that wealth remains stable and accumulates rather than slipping away.</p></li><li><p><span style=""font-weight: 700"">Comfort and Opulence:</span> Leads to an expansion of material comforts within the home, including vehicles, property, and luxuries.</p></li></ul><p><span style=""font-weight: 700"">Installation Method:</span> As advised by 'Mere Pandit Ji,' install this Yantra on any auspicious Friday or Thursday—either in the *Ishan Kon* (North-East corner) of your home or inside your safe/treasury. </p><p>➢ Happiness, Opulence, and Honor—now within your reach through the divine rituals of 'Mere Pandit Ji.'</p>",grahyantra,grahyantra,,,Blessings for Health & Wealth,Mere Pandit Ji ,5100,,,,,,,IN_STOCK,false,,,,,,,,,,,,,,,,,,,,,,,,,,,,,,,,,,,,,,,,,,,,,,,,,,,,,,,,,,,,,,,,,,,,,,,,,
Product_69054475-733c-4837-98d0-f4795c34b1e9,MEDIA,,,,,,1e6e0c_8bb4a40c9a2b453d9acf2273b71192e4~mv2.jpg,Holy kalash for positive energy,,,,,,,,,,,,,,,,,,,,,,,,,,,,,,,,,,,,,,,,,,,,,,,,,,,,,,,,,,,,,,,,,,,,,,,,,,,,,,,,,,,,
Product_69054475-733c-4837-98d0-f4795c34b1e9,MEDIA,,,,,,1e6e0c_4227b0abeea344c2b24c33be003fe746~mv2.webp,,,,,,,,,,,,,,,,,,,,,,,,,,,,,,,,,,,,,,,,,,,,,,,,,,,,,,,,,,,,,,,,,,,,,,,,,,,,,,,,,,,,,
Product_69054475-733c-4837-98d0-f4795c34b1e9,MEDIA,,,,,,1e6e0c_e24cf2bad23a4dff858521dedcb1d289~mv2.webp,Auspicious kalash for worship,,,,,,,,,,,,,,,,,,,,,,,,,,,,,,,,,,,,,,,,,,,,,,,,,,,,,,,,,,,,,,,,,,,,,,,,,,,,,,,,,,,,
Product_69054475-733c-4837-98d0-f4795c34b1e9,MEDIA,,,,,,1e6e0c_f195b3761dff4f7b91933ff0c78320ec~mv2.jpg,Traditional puja kalash setup,,,,,,,,,,,,,,,,,,,,,,,,,,,,,,,,,,,,,,,,,,,,,,,,,,,,,,,,,,,,,,,,,,,,,,,,,,,,,,,,,,,,
Product_b02460a6-b89a-4120-a1d4-5c70b542958f,PRODUCT,Navagrah Shanti Yantra,true,"<p>Are you experiencing persistent unrest, failure, or health-related issues in your life due to adverse planetary alignments? 'Mere Pandit Ji' brings you the exclusive 'Navagrah Shanti Yantra.' This jar contains a consecrated blend of specific grains and ingredients designed to pacify the negative influences of all nine planets and turn them in your favor.</p><p><span style=""font-weight: 700"">Sacred Ingredients of the Yantra and Their Associated Planets</span></p><ul><li><p><span style=""font-weight: 700"">Bajra (Pearl Millet):</span> For the pacification and radiance of the Sun (Surya).</p></li><li><p><span style=""font-weight: 700"">Chawal (Rice):</span> For the grace of the Moon God (Chandra) and for mental peace.</p></li><li><p><span style=""font-weight: 700"">Sabut Masoor (Whole Red Lentils):</span> For the courage and energy of Mars (Mangal).</p></li><li><p><span style=""font-weight: 700"">Sabut Moong (Whole Green Gram):</span> For the intellect and business growth associated with Mercury (Budh).</p></li><li><p><span style=""font-weight: 700"">Chana Dal &amp; Haldi (Split Chickpeas &amp; Turmeric):</span> For the happiness, prosperity, and wisdom bestowed by Jupiter (Devguru Brihaspati).</p></li><li><p><span style=""font-weight: 700"">Sabut Makka (Whole Maize): </span>For the opulence and material comforts associated with Venus (Shukra).</p></li><li><p><span style=""font-weight: 700"">Black &amp; White Sesame Seeds + Black Chickpeas:</span> For the alleviation of afflictions (doshas) and for protection against Saturn (Shani), Rahu, and Ketu.</p></li><li><p><span style=""font-weight: 700"">Jau (Barley):</span> For the pacification of Rahu-related afflictions and for purification.</p></li></ul><p><span style=""font-weight: 700"">Key Benefits:</span></p><ul><li><p><span style=""font-weight: 700"">Alleviation of Planetary Afflictions:</span> Reduces the negative impact of inauspicious planets in one's horoscope.</p></li><li><p><span style=""font-weight: 700"">Holistic Progress:</span> Removes obstacles hindering progress in education, career, and business.</p></li><li><p><span style=""font-weight: 700"">Protective Shield:</span> Prevents the entry of negative energy into the home, fostering increased happiness and peace.</p></li></ul><p><span style=""font-weight: 700"">Installation Method:</span> As advised by 'Mere Pandit Ji,' place this Yantra in your home temple or in the *Ishan Kon* (the North-East corner) of your home. Merely gazing upon it serves as a reminder of the nine planets and helps in attracting auspicious results.</p><p>➢ Planetary Balance, A Pledge for Happiness — Only with 'Mere Pandit Ji.'</p>",grahyantra,grahyantra,,,Navgrah balance & shanti,Mere Pandit Ji ,7100,,,,,,,IN_STOCK,false,,,,,,,,,,,,,,,,,,,,,,,,,,,,,,,,,,,,,,,,,,,,,,,,,,,,,,,,,,,,,,,,,,,,,,,,,
Product_b02460a6-b89a-4120-a1d4-5c70b542958f,MEDIA,,,,,,1e6e0c_9f2303a332d24b8bb9025131e852c1ad~mv2.jpg,Sacred navgrah yantra setup,,,,,,,,,,,,,,,,,,,,,,,,,,,,,,,,,,,,,,,,,,,,,,,,,,,,,,,,,,,,,,,,,,,,,,,,,,,,,,,,,,,,
Product_b02460a6-b89a-4120-a1d4-5c70b542958f,MEDIA,,,,,,1e6e0c_2a9446616d9e4d4e854f26a2d87a8b16~mv2.jpg,Spiritual navgrah yantra,,,,,,,,,,,,,,,,,,,,,,,,,,,,,,,,,,,,,,,,,,,,,,,,,,,,,,,,,,,,,,,,,,,,,,,,,,,,,,,,,,,,
Product_b02460a6-b89a-4120-a1d4-5c70b542958f,MEDIA,,,,,,1e6e0c_485f285e95fe4171a3450f5f14d62103~mv2.jpg,Nine planet yantra grains,,,,,,,,,,,,,,,,,,,,,,,,,,,,,,,,,,,,,,,,,,,,,,,,,,,,,,,,,,,,,,,,,,,,,,,,,,,,,,,,,,,,
Product_98fe7066-88ca-4bdf-bdd0-375bc72418c6,PRODUCT,Panch Mahapurush Rajyog Yantra,true,"<p>The energies of the five most powerful planets in the cosmos are now within your home. This '<span style=""font-weight: 700"">Panch Mahapurush Yog Yantra</span>' is no ordinary object; rather, it is a divine spiritual tool designed to harness the auspicious influences of <span style=""font-weight: 700"">Mars, Mercury, Jupiter, Venus, </span>and<span style=""font-weight: 700""> Saturn</span>. Crafted from layers of rare grains—as prescribed in ancient scriptures—this Yantra aligns your destiny with the potent power of *Rajyog* (Royal Union).</p><p><span style=""font-weight: 700"">Structure of the Yantra and Planetary Influences:</span></p><ul><li><p><span style=""font-weight: 700"">Mars (Whole Masoor/Red Lentils):</span> Symbolizing courage and victory; through *<span style=""font-weight: 700"">Ruchak Yog</span>*, it facilitates the vanquishing of enemies and a surge in self-confidence.</p></li><li><p><span style=""font-weight: 700"">Mercury (Whole Moong/Green Gram):</span> The master of commerce and intellect; through *<span style=""font-weight: 700"">Bhadra Yog</span>*, it ensures precise decision-making and professional success.</p></li><li><p><span style=""font-weight: 700"">Jupiter (Chana Dal/Split Chickpeas):</span> The foundation of wisdom and honor; through *<span style=""font-weight: 700; color: rgb(10, 10, 10); background-color: rgb(255, 255, 255)"">Hans</span><span style=""font-weight: 700""> Yog</span>*, it bestows social prestige and the attainment of enduring wealth (*Lakshmi*).</p></li><li><p><span style=""font-weight: 700"">Venus (Whole Coriander Seeds):</span> The harbinger of happiness and opulence; through *<span style=""font-weight: 700"">Malavya Yog</span>*, it expands material comforts and personal charm in life.</p></li><li><p><span style=""font-weight: 700"">Saturn (Black Sesame Seeds):</span> The pillar of justice and stability; through *<span style=""font-weight: 700"">Shash Yog</span>*, it brings an end to struggles and ensures victory in the long run.</p></li></ul><p><span style=""font-weight: 700"">Why is this Yantra Indispensable?</span></p><ul><li><p><span style=""font-weight: 700"">Career and Business Surge:</span> As planetary obstacles are cleared, new avenues for advancement open up.</p></li><li><p><span style=""font-weight: 700"">Impregnable Protection:</span> Safeguards your family against negative energies and inauspicious planetary transits.</p></li><li><p><span style=""font-weight: 700"">Financial Stability:</span> Provides a permanent solution to obstacles hindering the inflow of wealth.</p></li></ul><p><span style=""font-weight: 700"">Install: </span>this Yantra in your safe (*tijori*) or at your workplace, strictly adhering to the consecrated rituals prescribed by 'Mere Pandit Ji'. This Yantra transforms the energy of your surroundings, rendering it conducive to success.</p><p>➢ The Power of the Planets, Your Success. — 'Mere Pandit Ji'</p>",grahyantra,grahyantra,,,Give positive vibes,Mere Pandit Ji ,5100,,,,,,,IN_STOCK,false,,,,,,,,,,,,,,,,,,,,,,,,,,,,,,,,,,,,,,,,,,,,,,,,,,,,,,,,,,,,,,,,,,,,,,,,,
Product_98fe7066-88ca-4bdf-bdd0-375bc72418c6,MEDIA,,,,,,1e6e0c_8e491cb3214145e0a9656e5387ccb37a~mv2.jpg,Seven grain layers yantra setup,,,,,,,,,,,,,,,,,,,,,,,,,,,,,,,,,,,,,,,,,,,,,,,,,,,,,,,,,,,,,,,,,,,,,,,,,,,,,,,,,,,,
Product_98fe7066-88ca-4bdf-bdd0-375bc72418c6,MEDIA,,,,,,1e6e0c_11487e1b47fd4d6e997cd8645a5e9017~mv2.jpg,Decorative grains yantra,,,,,,,,,,,,,,,,,,,,,,,,,,,,,,,,,,,,,,,,,,,,,,,,,,,,,,,,,,,,,,,,,,,,,,,,,,,,,,,,,,,,
Product_98fe7066-88ca-4bdf-bdd0-375bc72418c6,MEDIA,,,,,,1e6e0c_d895e7406e3c4758b115ef1ecd7907b2~mv2.jpg,Mixed pulses arranged yantra,,,,,,,,,,,,,,,,,,,,,,,,,,,,,,,,,,,,,,,,,,,,,,,,,,,,,,,,,,,,,,,,,,,,,,,,,,,,,,,,,,,,
Product_98fe7066-88ca-4bdf-bdd0-375bc72418c6,MEDIA,,,,,,1e6e0c_d6ed048c0707408ba6e09007e2d40def~mv2.jpg,Grain harmony inside yantra,,,,,,,,,,,,,,,,,,,,,,,,,,,,,,,,,,,,,,,,,,,,,,,,,,,,,,,,,,,,,,,,,,,,,,,,,,,,,,,,,,,,
Product_5e2f5328-5903-4426-a33d-31a4c93e0a1f,PRODUCT,Surya Grah Shanti Yantra,true,"<p>Presented here is the consecrated 'Surya Grah Shanti Yantra'—a sacred tool designed to invoke the grace of Lord Surya, the Master of the Universe and the primary source of all energy. This Yantra represents a powerful confluence of specific elements that serve to pacify the '<span style=""font-weight: 700"">Surya Dosh</span>' (affliction of the Sun) in your horoscope, thereby aiding you in attaining fame, glory, and a high-ranking position within society.</p><p><span style=""font-weight: 700"">Divine Elements Contained in the Yantra and Their Effects:</span></p><p>Each component of this Yantra has been carefully selected to attract the positive energies of Lord Surya:</p><ul><li><p><span style=""font-weight: 700"">Red Sandalwood (Laal Chandan):</span> Extremely dear to Lord Surya, it infuses your personality with radiance and bestows mental tranquility.</p></li><li><p><span style=""font-weight: 700"">Whole Red Lentils (Sabut Masoor):</span> Symbolizing the combined energies of the Sun and Mars, they boost self-confidence and grant victory over adversaries.</p></li><li><p><span style=""font-weight: 700"">Whole Red Chilies (Laal Mirch):</span> By burning away the 'Nazar Dosh' (evil eye) and negativity, they clear your path of all obstacles.</p></li><li><p><span style=""font-weight: 700"">Gomati Chakra &amp; Lotus Seeds (Kamal Gatta):</span> Representing the blessings of Goddess Lakshmi, these elements stabilize the wealth and prosperity attained through the grace of the Sun.</p></li><li><p><span style=""font-weight: 700"">Bay Leaves (Tejpatta) &amp; Whole Green Gram (Sabut Moong):</span> Included to foster planetary balance and enhance business acumen, ensuring that your success remains enduring.</p></li><li><p><span style=""font-weight: 700"">Sacred Thread (Janeu) &amp; Betel Nut (Supari):</span> Symbols of purity and the resolve to achieve one's goals; they serve to anchor divine grace within the Yantra.</p></li><li><p><span style=""font-weight: 700"">Red Vermilion (Sindoor):</span> A symbol of power and good fortune, it enhances your honor, prestige, and social standing.</p></li></ul><p><span style=""font-weight: 700"">Key Benefits of This Yantra:</span></p><ul><li><p><span style=""font-weight: 700"">Position &amp; Prestige:</span> Aids in securing high-ranking positions in government sectors, politics, and society at large.</p></li><li><p><span style=""font-weight: 700"">Self-Confidence:</span> Dispels fear and hesitation, fostering the development of strong leadership qualities within your personality.</p></li><li><p><span style=""font-weight: 700"">Blessings of Father &amp; Ancestors:</span> Facilitates the pacification of 'Pitra Dosh' (ancestral afflictions) and fosters harmonious relationships with one's father.</p></li></ul><p><span style=""font-weight: 700"">Installation:</span> In accordance with the consecrated rituals prescribed by 'Mere Pandit Ji', install this sanctified Yantra at your place of worship (Pooja room) or on your office desk on a Sunday, precisely at the time of sunrise.</p><p>➢ The Sun of Success shall rise in your life. — 'Mere Pandit Ji'</p>",grahyantra,grahyantra,,,Balance your life with yantra,Mere Pandit Ji ,5100,,,,,,,IN_STOCK,false,,,,,,,,,,,,,,,,,,,,,,,,,,,,,,,,,,,,,,,,,,,,,,,,,,,,,,,,,,,,,,,,,,,,,,,,,
Product_5e2f5328-5903-4426-a33d-31a4c93e0a1f,MEDIA,,,,,,1e6e0c_e2c43b7dafed4403a3dce5fe7d2123aa~mv2.jpg,Kumkum and pulses yantra setup,,,,,,,,,,,,,,,,,,,,,,,,,,,,,,,,,,,,,,,,,,,,,,,,,,,,,,,,,,,,,,,,,,,,,,,,,,,,,,,,,,,,
Product_5e2f5328-5903-4426-a33d-31a4c93e0a1f,MEDIA,,,,,,1e6e0c_2c446c5895dd4e7192b5335843a18c65~mv2.jpg,Spiritual layered yantra,,,,,,,,,,,,,,,,,,,,,,,,,,,,,,,,,,,,,,,,,,,,,,,,,,,,,,,,,,,,,,,,,,,,,,,,,,,,,,,,,,,,
Product_5e2f5328-5903-4426-a33d-31a4c93e0a1f,MEDIA,,,,,,1e6e0c_13b271cd0e8642a3a4f534a893ccf20a~mv2.webp,Yantra filled with sacred grains,,,,,,,,,,,,,,,,,,,,,,,,,,,,,,,,,,,,,,,,,,,,,,,,,,,,,,,,,,,,,,,,,,,,,,,,,,,,,,,,,,,,
Product_5e2f5328-5903-4426-a33d-31a4c93e0a1f,MEDIA,,,,,,1e6e0c_a8da2fbbc7194b14920a7c9f75c64ea7~mv2.jpg,Red kumkum layered yantra,,,,,,,,,,,,,,,,,,,,,,,,,,,,,,,,,,,,,,,,,,,,,,,,,,,,,,,,,,,,,,,,,,,,,,,,,,,,,,,,,,,,
Product_4531c413-baf0-48e5-9d1a-de26447d288a,PRODUCT,Shri Kalinath Kaleshwar Temple: Divine Rudrabhishek Pooja,false,"<p>""For the Welfare of the Family""—attaining the blessings of Mahadev is now more accessible than ever. The most potent Vedic ritual for pleasing Lord Shiva—the Rudrabhishek—is now being performed with complete scriptural rites and rituals at the Shri Kalinath Kaleshwar Mahadev Temple.</p><p>Come to the feet of Mahadev and find a solution to every affliction in your life.</p><p><span style=""font-weight: 700"">Book Your Pooja Today!</span></p><p>Fill your life with happiness and prosperity through devotion to Mahadev.</p><p>➢&nbsp;A Solution for Every Affliction—At the Feet of Mahadev.</p>",pooja-hawan,pooja-hawan,,,,,,,,,,,,,,,,,,,Pooja,TEXT_CHOICES,Individual;Family,,,,,,,,,,,,,,,,,,,,,,,,,,,,,,,,,,,,,,,,,,,,,,,,,,,,,,,,,,,,,,,,,
Product_4531c413-baf0-48e5-9d1a-de26447d288a,VARIANT,,true,,,,,,,,499,,,,,,,IN_STOCK,false,,,,,,Pooja,TEXT_CHOICES,Individual,,,,,,,,,,,,,,,,,,,,,,,,,,,,,,,,,,,,,,,,,,,,,,,,,,,,,,,,,,,,,,,,,
Product_4531c413-baf0-48e5-9d1a-de26447d288a,VARIANT,,true,,,,,,,,1100,,,,,,,IN_STOCK,false,,,,,,Pooja,TEXT_CHOICES,Family,,,,,,,,,,,,,,,,,,,,,,,,,,,,,,,,,,,,,,,,,,,,,,,,,,,,,,,,,,,,,,,,,
Product_4531c413-baf0-48e5-9d1a-de26447d288a,MEDIA,,,,,,1e6e0c_6c9e25442a574c36b15bd51d8c1e8a14~mv2.jpg,,,,,,,,,,,,,,,,,,,,,,,,,,,,,,,,,,,,,,,,,,,,,,,,,,,,,,,,,,,,,,,,,,,,,,,,,,,,,,,,,,,,,
Product_14204e12-519b-4a70-a6af-9f0ca82e1343,PRODUCT,7 Chakra Bracelet  - for All Planet Balance,true,"<h2>Energy &amp; Attract Positivity</h2><p>Bring harmony, peace, and positive energy into your life with the beautifully crafted <span style=""font-weight: 700"">7 Chakra Bracelet</span>&nbsp;from Mere Pandit Ji. Designed with powerful natural healing stones representing the seven chakras of the body, this spiritual bracelet helps balance your mind, body, and soul while enhancing inner strength and emotional well-being.</p><p>Each bead in the bracelet is associated with a specific chakra, helping to remove negative energy and promote spiritual healing. The bracelet is ideal for meditation, yoga, Reiki healing, spiritual practices, or everyday wear.</p><h3>Benefits of 7 Chakra Bracelet</h3><ul><li><p>Helps balance all 7 chakras</p></li><li><p>Promotes positivity and mental peace</p></li><li><p>Enhances focus, confidence, and emotional stability</p></li><li><p>Supports meditation and spiritual growth</p></li><li><p>Attracts positive vibrations and inner harmony</p></li><li><p>Stylish spiritual accessory for daily wear</p></li></ul><h3>Product Features</h3><ul><li><p>Made with premium natural chakra stones</p></li><li><p>Comfortable elastic fit for all wrist sizes</p></li><li><p>Elegant unisex design</p></li><li><p>Suitable for daily use, meditation, and gifting</p></li><li><p>Lightweight, durable, and skin-friendly</p></li></ul><p>Whether you seek emotional balance, spiritual protection, or simply a meaningful accessory, the <span style=""font-weight: 700"">7 Chakra Bracelet</span>&nbsp;is a perfect choice to elevate your energy and lifestyle.</p><p><span style=""font-weight: 700"">Wear positivity. Feel balanced. Stay spiritually connected.</span></p>",bracelets,,,,,,1999,,,,,,,5,false,,,,,,,,,,,,,,,,,,,,,,,,,,,,,,,,,,,,,,,,,,,,,,,,,,,,,,,,,,,,,,,,,,,,,,,,,
Product_14204e12-519b-4a70-a6af-9f0ca82e1343,MEDIA,,,,,,1e6e0c_0ebf3e14241d4cf2a89c027e4ffa236a~mv2.png,7 Chakra Bracelet,,,,,,,,,,,,,,,,,,,,,,,,,,,,,,,,,,,,,,,,,,,,,,,,,,,,,,,,,,,,,,,,,,,,,,,,,,,,,,,,,,,,
Product_14204e12-519b-4a70-a6af-9f0ca82e1343,MEDIA,,,,,,1e6e0c_3fa9cfbaf24a4573aab649f6559a3449~mv2.png,7 Chakra Bracelet,,,,,,,,,,,,,,,,,,,,,,,,,,,,,,,,,,,,,,,,,,,,,,,,,,,,,,,,,,,,,,,,,,,,,,,,,,,,,,,,,,,,
Product_14204e12-519b-4a70-a6af-9f0ca82e1343,MEDIA,,,,,,1e6e0c_bac83c85a93040fca7802f3d60f429aa~mv2.png,7 Chakra Bracelet,,,,,,,,,,,,,,,,,,,,,,,,,,,,,,,,,,,,,,,,,,,,,,,,,,,,,,,,,,,,,,,,,,,,,,,,,,,,,,,,,,,,
Product_14204e12-519b-4a70-a6af-9f0ca82e1343,MEDIA,,,,,,1e6e0c_bf7a0e24e3db444ba9d763f5e604e69a~mv2.png,7 Chakra Bracelet,,,,,,,,,,,,,,,,,,,,,,,,,,,,,,,,,,,,,,,,,,,,,,,,,,,,,,,,,,,,,,,,,,,,,,,,,,,,,,,,,,,,
Product_51b1e2a7-c52e-456f-8b92-05a91d6c3f3b,PRODUCT,Amethyst Bracelet - for Saturn Energy,true,"<p><span style=""font-weight: 700"">Natural Amethyst Stone Bracelet</span>&nbsp;lovers appreciate its calming energy and spiritual significance. Discover the powerful healing energy of the premium Amethyst Bracelet&nbsp;by Mere Pandit Ji. </p><p>Crafted with beautiful natural amethyst beads, this bracelet is known for promoting peace, emotional balance, mental clarity, and spiritual growth.</p><p>Amethyst is considered a highly protective and calming stone in crystal healing and Vedic spiritual practices. It helps reduce stress, negative thoughts, anxiety, and emotional confusion while encouraging positivity and inner strength. The <span style=""font-weight: 700"">Amethyst Bracelet</span>&nbsp;is often worn by those seeking emotional stability, mindfulness, and inner peace.</p><p>Wearing a Natural Amethyst Stone Bracelet&nbsp;can support meditation, improve concentration, and create a soothing energy around the mind and body. It is also believed to help with better decision-making, emotional balance, and spiritual awareness. The elegant purple gemstone beads give this bracelet a luxurious and stylish appearance, making it suitable for both daily wear and special occasions.</p><p>At <span style=""font-weight: 700"">Mere Pandit Ji</span>, every Amethyst Bracelet&nbsp;is designed with spiritual intention and premium quality craftsmanship to provide both beauty and positive energy. Whether you are looking for emotional healing, spiritual protection, or a fashionable gemstone accessory, this bracelet is a perfect choice for your lifestyle.</p>",bracelets,,,,,,1499,,,,,,,5,false,,,,,,,,,,,,,,,,,,,,,,,,,,,,,,,,,,,,,,,,,,,,,,,,,,,,,,,,,,,,,,,,,,,,,,,,,
Product_51b1e2a7-c52e-456f-8b92-05a91d6c3f3b,MEDIA,,,,,,1e6e0c_2f1ad96ea7fe40da88102789355f68c3~mv2.png,Amethyst Bracelet,,,,,,,,,,,,,,,,,,,,,,,,,,,,,,,,,,,,,,,,,,,,,,,,,,,,,,,,,,,,,,,,,,,,,,,,,,,,,,,,,,,,
Product_51b1e2a7-c52e-456f-8b92-05a91d6c3f3b,MEDIA,,,,,,1e6e0c_53da595f9fe748899f1d93ae34252ead~mv2.png,Amethyst Bracelet,,,,,,,,,,,,,,,,,,,,,,,,,,,,,,,,,,,,,,,,,,,,,,,,,,,,,,,,,,,,,,,,,,,,,,,,,,,,,,,,,,,,
Product_51b1e2a7-c52e-456f-8b92-05a91d6c3f3b,MEDIA,,,,,,1e6e0c_4493976c9312447da6112c2afcf8a3f6~mv2.png,Amethyst Bracelet,,,,,,,,,,,,,,,,,,,,,,,,,,,,,,,,,,,,,,,,,,,,,,,,,,,,,,,,,,,,,,,,,,,,,,,,,,,,,,,,,,,,
Product_51b1e2a7-c52e-456f-8b92-05a91d6c3f3b,MEDIA,,,,,,1e6e0c_8fc36e00212143bda040dd011b8c152e~mv2.png,Amethyst Bracelet,,,,,,,,,,,,,,,,,,,,,,,,,,,,,,,,,,,,,,,,,,,,,,,,,,,,,,,,,,,,,,,,,,,,,,,,,,,,,,,,,,,,
Product_f6bb2561-f120-46f1-8aaa-17ad2e595d86,PRODUCT,Amethyst Bracelet,true,"<p><span style=""font-weight: 700"">Healing Crystal Bracelet</span>&nbsp;enthusiasts value the calming energy and spiritual benefits of the Amethyst Bracelet. Discover the powerful healing energy of this premium gemstone accessory from Mere Pandit Ji, crafted with beautiful natural amethyst beads known for promoting peace, emotional balance, mental clarity, and spiritual growth.</p><p>The <span style=""font-weight: 700"">Amethyst Bracelet</span>&nbsp;is considered a highly protective and soothing gemstone in crystal healing and Vedic spiritual practices. It is believed to help reduce stress, anxiety, negative thoughts, and emotional confusion while encouraging positivity, inner strength, and mental focus.</p><p>Wearing this Healing Crystal Bracelet&nbsp;can support meditation, improve concentration, and create a calming energy around the mind and body. Amethyst is also associated with better decision-making, emotional stability, and enhanced spiritual awareness. The elegant purple gemstone beads give the bracelet a luxurious and stylish appearance, making it suitable for both daily wear and special occasions.</p><p>At <span style=""font-weight: 700"">Mere Pandit Ji</span>, every Amethyst Bracelet&nbsp;is designed with spiritual intention and premium craftsmanship to provide both beauty and positive energy. Whether you are seeking emotional healing, spiritual protection, or a fashionable gemstone accessory, this bracelet is a perfect addition to your lifestyle and wellness journey.</p>",bracelets,,,,,,1199,,,,,,,5,false,,,,,,,,,,,,,,,,,,,,,,,,,,,,,,,,,,,,,,,,,,,,,,,,,,,,,,,,,,,,,,,,,,,,,,,,,
Product_f6bb2561-f120-46f1-8aaa-17ad2e595d86,MEDIA,,,,,,1e6e0c_2161fd3c096f44999821478bd5a434d0~mv2.png,Amethyst Bracelet,,,,,,,,,,,,,,,,,,,,,,,,,,,,,,,,,,,,,,,,,,,,,,,,,,,,,,,,,,,,,,,,,,,,,,,,,,,,,,,,,,,,
Product_f6bb2561-f120-46f1-8aaa-17ad2e595d86,MEDIA,,,,,,1e6e0c_43c06ff5d7514e59ac324e70ac9997bf~mv2.png,Amethyst Bracelet,,,,,,,,,,,,,,,,,,,,,,,,,,,,,,,,,,,,,,,,,,,,,,,,,,,,,,,,,,,,,,,,,,,,,,,,,,,,,,,,,,,,
Product_f6bb2561-f120-46f1-8aaa-17ad2e595d86,MEDIA,,,,,,1e6e0c_7ce751d6866c4676aa372aaec5bb7356~mv2.png,Amethyst Bracelet,,,,,,,,,,,,,,,,,,,,,,,,,,,,,,,,,,,,,,,,,,,,,,,,,,,,,,,,,,,,,,,,,,,,,,,,,,,,,,,,,,,,
Product_f6bb2561-f120-46f1-8aaa-17ad2e595d86,MEDIA,,,,,,1e6e0c_732578f6d19e4dd585db3f5e0331ae9f~mv2.png,Amethyst Bracelet,,,,,,,,,,,,,,,,,,,,,,,,,,,,,,,,,,,,,,,,,,,,,,,,,,,,,,,,,,,,,,,,,,,,,,,,,,,,,,,,,,,,
Product_a3301e3e-b0f1-4bdf-acda-7d8c2ec70dc7,PRODUCT,Blue Tiger Eye Bracelet - for Saturn & Rahu,true,"<p><span style=""font-weight: 700"">Confidence Stone Bracelet</span>&nbsp;lovers appreciate the unique blend of style, strength, and spiritual energy offered by the Blue Tiger Eye Bracelet. Experience focus, confidence, and emotional balance with this powerful gemstone accessory crafted from premium natural Blue Tiger Eye stones.</p><p>The <span style=""font-weight: 700"">Blue Tiger Eye Bracelet</span>&nbsp;is known for its calming energy and protective properties. Its deep blue shimmering beads create a luxurious and sophisticated look while helping improve concentration, enhance mental clarity, and attract positive energy. Blue Tiger Eye is believed to support inner peace, courage, self-confidence, and protection from negative influences.</p><p>Perfect for daily wear, meditation, spiritual healing, or gifting, this Confidence Stone Bracelet&nbsp;beautifully combines fashion with spiritual wellness. Its stretchable design ensures a comfortable fit for both men and women, making it an ideal accessory for any occasion.</p><p>Whether you seek emotional balance, personal growth, or a stylish gemstone accessory, the Blue Tiger Eye Bracelet&nbsp;is a meaningful addition to your lifestyle.</p><p><span style=""font-weight: 700"">Features:</span></p><ul><li><p>Natural Gemstone Beads</p></li><li><p>Elegant &amp; Premium Finish</p></li><li><p>Spiritual Protection &amp; Positive Energy</p></li><li><p>Unisex Design for Daily Wear</p></li><li><p>Ideal for Meditation, Healing &amp; Gifting</p></li></ul><p>Experience the timeless beauty and uplifting energy of the Blue Tiger Eye Bracelet&nbsp;from <span style=""font-weight: 700"">Mere Pandit Ji</span>.</p>",bracelets,,,,,,999,,,,,,,5,false,,,,,,,,,,,,,,,,,,,,,,,,,,,,,,,,,,,,,,,,,,,,,,,,,,,,,,,,,,,,,,,,,,,,,,,,,
Product_a3301e3e-b0f1-4bdf-acda-7d8c2ec70dc7,MEDIA,,,,,,1e6e0c_b25e1075fac749e3ba01cfd3be38bcbf~mv2.png,Blue Tiger Eye Bracelet,,,,,,,,,,,,,,,,,,,,,,,,,,,,,,,,,,,,,,,,,,,,,,,,,,,,,,,,,,,,,,,,,,,,,,,,,,,,,,,,,,,,
Product_a3301e3e-b0f1-4bdf-acda-7d8c2ec70dc7,MEDIA,,,,,,1e6e0c_bd616f2d7e424d948a4ec27391fa8875~mv2.png,Blue Tiger Eye Bracelet,,,,,,,,,,,,,,,,,,,,,,,,,,,,,,,,,,,,,,,,,,,,,,,,,,,,,,,,,,,,,,,,,,,,,,,,,,,,,,,,,,,,
Product_a3301e3e-b0f1-4bdf-acda-7d8c2ec70dc7,MEDIA,,,,,,1e6e0c_1a32be89dcbe44c99f481e5f962bd929~mv2.png,Blue Tiger Eye Bracelet,,,,,,,,,,,,,,,,,,,,,,,,,,,,,,,,,,,,,,,,,,,,,,,,,,,,,,,,,,,,,,,,,,,,,,,,,,,,,,,,,,,,
Product_a3301e3e-b0f1-4bdf-acda-7d8c2ec70dc7,MEDIA,,,,,,1e6e0c_01ff430eb8854651b03e7ca6dfe38c7c~mv2.png,Blue Tiger Eye Bracelet,,,,,,,,,,,,,,,,,,,,,,,,,,,,,,,,,,,,,,,,,,,,,,,,,,,,,,,,,,,,,,,,,,,,,,,,,,,,,,,,,,,,
Product_1b7e8154-a423-4913-889e-f2e49554e508,PRODUCT,Green Aventurine Bracelet - for Mercury Planet,true,"<p><span style=""font-weight: 700"">Lucky Stone Bracelet</span>&nbsp;enthusiasts admire the uplifting energy and timeless beauty of the Green Aventurine Bracelet. Bring positivity, prosperity, and emotional balance into your life with this beautiful gemstone accessory. Known as the “Stone of Opportunity,” Green Aventurine is believed to attract luck, success, abundance, and new opportunities while helping calm the mind and reduce stress.</p><p>The <span style=""font-weight: 700"">Green Aventurine Bracelet</span>&nbsp;is associated with emotional healing, confidence, inner harmony, and personal growth. Its soothing green energy encourages optimism and supports a balanced mindset, making it a popular choice for those seeking positivity and success in everyday life.</p><p>Crafted with premium natural gemstone beads and an elegant finish, this Lucky Stone Bracelet&nbsp;is perfect for daily wear, meditation, spiritual healing, manifestation practices, or gifting. The refreshing green tones add a luxurious and peaceful touch to your style while promoting positive energy and well-being.</p><p>Experience the powerful energy of natural crystals with this timeless Green Aventurine Bracelet&nbsp;from <span style=""font-weight: 700"">Mere Pandit Ji</span>. Whether for personal use or as a meaningful gift, it combines beauty, spiritual significance, and positive vibrations in one elegant design.</p>",bracelets,,,,,,699,,,,,,,5,false,,,,,,,,,,,,,,,,,,,,,,,,,,,,,,,,,,,,,,,,,,,,,,,,,,,,,,,,,,,,,,,,,,,,,,,,,
Product_1b7e8154-a423-4913-889e-f2e49554e508,MEDIA,,,,,,1e6e0c_2cc4ecec0d0044238e509011c32a344e~mv2.png,Green Aventurine Bracelet,,,,,,,,,,,,,,,,,,,,,,,,,,,,,,,,,,,,,,,,,,,,,,,,,,,,,,,,,,,,,,,,,,,,,,,,,,,,,,,,,,,,
Product_1b7e8154-a423-4913-889e-f2e49554e508,MEDIA,,,,,,1e6e0c_db4b6b53812a417da4faaf0d51d78fd3~mv2.png,Green Aventurine Bracelet,,,,,,,,,,,,,,,,,,,,,,,,,,,,,,,,,,,,,,,,,,,,,,,,,,,,,,,,,,,,,,,,,,,,,,,,,,,,,,,,,,,,
Product_1b7e8154-a423-4913-889e-f2e49554e508,MEDIA,,,,,,1e6e0c_e1d665068b8b434ca954ffdb1ff15eb4~mv2.png,Green Aventurine Bracelet,,,,,,,,,,,,,,,,,,,,,,,,,,,,,,,,,,,,,,,,,,,,,,,,,,,,,,,,,,,,,,,,,,,,,,,,,,,,,,,,,,,,
Product_1b7e8154-a423-4913-889e-f2e49554e508,MEDIA,,,,,,1e6e0c_1061f94794b14d38a32b373fa05ec6f7~mv2.png,Green Aventurine Bracelet,,,,,,,,,,,,,,,,,,,,,,,,,,,,,,,,,,,,,,,,,,,,,,,,,,,,,,,,,,,,,,,,,,,,,,,,,,,,,,,,,,,,
Product_bb17e445-d135-4858-ba68-96d3834649bc,PRODUCT,Karungali 7 Chakra Bracelet - for Protection,true,"<p>Energy Healing Bracelet&nbsp;seekers will appreciate the spiritual power and elegant design of the <span style=""font-weight: 700"">Karungali 7 Chakra Bracelet</span>. Bring balance, positivity, and spiritual strength into your life with this beautifully handcrafted bracelet that combines sacred Karungali wood beads with vibrant natural 7 chakra stones.</p><p>In spiritual traditions, Karungali wood is believed to absorb negative vibrations and provide mental peace, while the seven chakra stones help align the body's energy centers for emotional stability, confidence, focus, and inner harmony. The Karungali 7 Chakra Bracelet&nbsp;is designed to support spiritual wellness and encourage a balanced lifestyle.</p><p>Each chakra stone represents a unique energy point within the body, helping promote positivity, clarity, and emotional well-being. Many people wear this <span style=""font-weight: 700"">Energy Healing Bracelet</span>&nbsp;during meditation, yoga, pooja, or daily activities to enhance calmness, strength, and spiritual awareness.</p><p>The rich wooden texture combined with colorful chakra stones gives the bracelet a premium and elegant spiritual look that complements both traditional and modern styles. Designed for comfort and everyday wear, the Karungali 7 Chakra Bracelet&nbsp;is more than a fashion accessory—it is a symbol of spiritual protection, energy healing, and personal growth.</p><p>Whether you are seeking peace of mind, emotional balance, or a meaningful spiritual gift for your loved ones, this bracelet is a perfect choice for enhancing positivity and divine energy in everyday life.</p>",bracelets,,,,,,599,,,,,,,5,false,,,,,,,,,,,,,,,,,,,,,,,,,,,,,,,,,,,,,,,,,,,,,,,,,,,,,,,,,,,,,,,,,,,,,,,,,
Product_bb17e445-d135-4858-ba68-96d3834649bc,MEDIA,,,,,,1e6e0c_c3a1b155b9404397acd09acea10e0c41~mv2.png,Karungali 7 Chakra Bracelet,,,,,,,,,,,,,,,,,,,,,,,,,,,,,,,,,,,,,,,,,,,,,,,,,,,,,,,,,,,,,,,,,,,,,,,,,,,,,,,,,,,,
Product_bb17e445-d135-4858-ba68-96d3834649bc,MEDIA,,,,,,1e6e0c_812c75bf0c8c45759d9a6cd7079e7c32~mv2.png,Karungali 7 Chakra Bracelet,,,,,,,,,,,,,,,,,,,,,,,,,,,,,,,,,,,,,,,,,,,,,,,,,,,,,,,,,,,,,,,,,,,,,,,,,,,,,,,,,,,,
Product_bb17e445-d135-4858-ba68-96d3834649bc,MEDIA,,,,,,1e6e0c_e6829a256e5d40369d34ef2d385358fc~mv2.png,Karungali 7 Chakra Bracelet,,,,,,,,,,,,,,,,,,,,,,,,,,,,,,,,,,,,,,,,,,,,,,,,,,,,,,,,,,,,,,,,,,,,,,,,,,,,,,,,,,,,
Product_bb17e445-d135-4858-ba68-96d3834649bc,MEDIA,,,,,,1e6e0c_a8be680f3a8f49d58bfe99f8f7dd8beb~mv2.png,Karungali 7 Chakra Bracelet,,,,,,,,,,,,,,,,,,,,,,,,,,,,,,,,,,,,,,,,,,,,,,,,,,,,,,,,,,,,,,,,,,,,,,,,,,,,,,,,,,,,
Product_2b0f2933-4e59-487f-8730-85e56097e5e2,PRODUCT,Labradorite Bracelet - for Rahu,true,"<p>Protection Stone Bracelet&nbsp;enthusiasts admire the unique blend of spiritual energy and natural beauty found in the <span style=""font-weight: 700"">Labradorite Bracelet</span>. Discover the powerful elegance of this premium gemstone accessory, crafted with natural labradorite beads known for their mesmerizing flashes and mystical appearance.</p><p>The Labradorite Bracele<span style=""font-weight: 700"">t</span>&nbsp;is believed to enhance intuition, inner strength, positivity, and protection from negative energies. Its captivating iridescent shine makes it perfect for both daily wear and spiritual practices. Often associated with transformation, mental clarity, and emotional balance, labradorite is a popular choice for those seeking focus, confidence, and personal growth.</p><p>Many people wear this <span style=""font-weight: 700"">Protection Stone Bracelet</span>&nbsp;during meditation, healing sessions, or spiritual practices to encourage positive energy and emotional stability. Its sophisticated natural look pairs beautifully with both traditional and modern outfits, making it a stylish yet meaningful accessory.</p><p>At <span style=""font-weight: 700"">Mere Pandit Ji</span>, we offer carefully selected Labradorite Bracelets&nbsp;designed to bring spiritual elegance, positive vibrations, and timeless beauty into your life. Perfect for gifting, personal healing, and enhancing your spiritual journey, this bracelet combines fashion, energy, and purpose in one exceptional design.</p>",bracelets,,,,,,899,,,,,,,5,false,,,,,,,,,,,,,,,,,,,,,,,,,,,,,,,,,,,,,,,,,,,,,,,,,,,,,,,,,,,,,,,,,,,,,,,,,
Product_2b0f2933-4e59-487f-8730-85e56097e5e2,MEDIA,,,,,,1e6e0c_d74b4bd18b3d4d44b0239c9180a1c9a7~mv2.png,Labradorite Bracelet,,,,,,,,,,,,,,,,,,,,,,,,,,,,,,,,,,,,,,,,,,,,,,,,,,,,,,,,,,,,,,,,,,,,,,,,,,,,,,,,,,,,
Product_2b0f2933-4e59-487f-8730-85e56097e5e2,MEDIA,,,,,,1e6e0c_c72068f320fa4a7d928376467db0aea1~mv2.png,Labradorite Bracelet,,,,,,,,,,,,,,,,,,,,,,,,,,,,,,,,,,,,,,,,,,,,,,,,,,,,,,,,,,,,,,,,,,,,,,,,,,,,,,,,,,,,
Product_2b0f2933-4e59-487f-8730-85e56097e5e2,MEDIA,,,,,,1e6e0c_65f1f2b04f5a4622af56cefe961aab7d~mv2.png,Labradorite Bracelet,,,,,,,,,,,,,,,,,,,,,,,,,,,,,,,,,,,,,,,,,,,,,,,,,,,,,,,,,,,,,,,,,,,,,,,,,,,,,,,,,,,,
Product_2b0f2933-4e59-487f-8730-85e56097e5e2,MEDIA,,,,,,1e6e0c_682494bdc90e4c2f9dae5866eb2fadd5~mv2.png,Labradorite Bracelet,,,,,,,,,,,,,,,,,,,,,,,,,,,,,,,,,,,,,,,,,,,,,,,,,,,,,,,,,,,,,,,,,,,,,,,,,,,,,,,,,,,,
Product_80b8170f-8887-4e36-acc0-d1c527a86d81,PRODUCT,Lava 7 Chakra Bracelet - for Mars Energy,true,"<p>Chakra Healing Bracelet<span style=""font-weight: 700"">&nbsp;</span>seekers will appreciate the perfect combination of spiritual energy and modern style found in the <span style=""font-weight: 700"">Lava 7 Chakra Bracelet</span>&nbsp;from Mere Pandit Ji. Crafted with natural lava stones and vibrant 7 chakra healing beads, this bracelet is designed to promote emotional harmony, inner peace, confidence, and spiritual growth.</p><p>Lava stones are known for their grounding properties and ability to absorb negative energy, while the seven chakra stones help align the body's energy centers to support balance and overall well-being. The powerful blend of natural volcanic stones and healing crystals makes this Lava 7 Chakra Bracelet&nbsp;a meaningful accessory for those seeking positivity, focus, and mental clarity.</p><p>Its stylish unisex design makes it perfect for daily wear, meditation, yoga, spiritual practices, or gifting to loved ones. Whether worn as a <span style=""font-weight: 700"">Chakra Healing Bracelet</span>&nbsp;for spiritual support or as a fashionable gemstone accessory, it offers both beauty and purpose.</p><p>Whether you seek spiritual healing, stress relief, emotional balance, or simply a meaningful fashion accessory, the Lava 7 Chakra Bracelet&nbsp;is a perfect blend of tradition, energy, and elegance. Elevate your spiritual journey with this premium healing bracelet from <span style=""font-weight: 700"">Mere Pandit Ji</span>.</p>",bracelets,,,,,,499,,,,,,,5,false,,,,,,,,,,,,,,,,,,,,,,,,,,,,,,,,,,,,,,,,,,,,,,,,,,,,,,,,,,,,,,,,,,,,,,,,,
Product_80b8170f-8887-4e36-acc0-d1c527a86d81,MEDIA,,,,,,1e6e0c_88e08b7b365b417392ef8d61957c8509~mv2.png,Lava 7 Chakra Bracelet,,,,,,,,,,,,,,,,,,,,,,,,,,,,,,,,,,,,,,,,,,,,,,,,,,,,,,,,,,,,,,,,,,,,,,,,,,,,,,,,,,,,
Product_80b8170f-8887-4e36-acc0-d1c527a86d81,MEDIA,,,,,,1e6e0c_d4015f6758ea44b5abf9d000e55ac8e1~mv2.png,Lava 7 Chakra Bracelet,,,,,,,,,,,,,,,,,,,,,,,,,,,,,,,,,,,,,,,,,,,,,,,,,,,,,,,,,,,,,,,,,,,,,,,,,,,,,,,,,,,,
Product_80b8170f-8887-4e36-acc0-d1c527a86d81,MEDIA,,,,,,1e6e0c_b593ae3b050f42abbaf0b29c8e845940~mv2.png,Lava 7 Chakra Bracelet,,,,,,,,,,,,,,,,,,,,,,,,,,,,,,,,,,,,,,,,,,,,,,,,,,,,,,,,,,,,,,,,,,,,,,,,,,,,,,,,,,,,
Product_80b8170f-8887-4e36-acc0-d1c527a86d81,MEDIA,,,,,,1e6e0c_792ca6b780f044f68a50fa9ee9350567~mv2.png,Lava 7 Chakra Bracelet,,,,,,,,,,,,,,,,,,,,,,,,,,,,,,,,,,,,,,,,,,,,,,,,,,,,,,,,,,,,,,,,,,,,,,,,,,,,,,,,,,,,
Product_9e0dcdc4-0ba8-40b6-ac16-457a1348d6ec,PRODUCT,Lapis Lazuli Bracelet - for Jupiter Planet,true,"<p>Wisdom Stone Bracelet&nbsp;enthusiasts admire the powerful symbolism and timeless beauty of the <span style=""font-weight: 700"">Lapis Lazuli Bracelet</span>. Discover the spiritual elegance of this premium gemstone accessory, known for its deep royal blue shades and natural golden flecks. Revered for centuries as a stone of wisdom, truth, and inner peace, this bracelet is designed to enhance both your style and positive energy.</p><p>Crafted with high-quality natural Lapis Lazuli beads, the Lapis Lazuli Bracelet&nbsp;offers a luxurious and sophisticated look suitable for daily wear, meditation, spiritual practices, or special occasions. Its rich celestial blue tones symbolize confidence, clarity, and self-expression, making it a meaningful addition to your jewelry collection.</p><p>This <span style=""font-weight: 700"">Wisdom Stone Bracelet</span>&nbsp;is believed to support mental clarity, emotional balance, communication skills, and spiritual growth. Many people wear Lapis Lazuli to attract wisdom, reduce stress, and encourage harmony in relationships and career life.</p><p>Perfect for men and women, this elegant gemstone bracelet complements both traditional and modern outfits. Whether you are looking for a fashionable spiritual accessory or a thoughtful gift for your loved ones, the Lapis Lazuli Bracelet&nbsp;brings beauty, positivity, and divine energy together in one timeless design.</p><p><span style=""font-weight: 700"">Benefits of Lapis Lazuli Bracelet:</span></p><ul><li><p>Enhances wisdom and self-confidence</p></li><li><p>Promotes mental peace and emotional balance</p></li><li><p>Supports communication and creativity</p></li><li><p>Helps reduce negative energy and stress</p></li><li><p>Stylish luxury gemstone accessory for everyday wear</p></li></ul><p>Experience spiritual elegance and positive energy with this beautifully handcrafted Lapis Lazuli Bracelet&nbsp;from <span style=""font-weight: 700"">Mere Pandit Ji</span>.</p>",bracelets,,,,,,1499,,,,,,,5,false,,,,,,,,,,,,,,,,,,,,,,,,,,,,,,,,,,,,,,,,,,,,,,,,,,,,,,,,,,,,,,,,,,,,,,,,,
Product_9e0dcdc4-0ba8-40b6-ac16-457a1348d6ec,MEDIA,,,,,,1e6e0c_4aaec843d36547628671c26a64be1172~mv2.png,Lapis Lazuli Bracelet,,,,,,,,,,,,,,,,,,,,,,,,,,,,,,,,,,,,,,,,,,,,,,,,,,,,,,,,,,,,,,,,,,,,,,,,,,,,,,,,,,,,
Product_9e0dcdc4-0ba8-40b6-ac16-457a1348d6ec,MEDIA,,,,,,1e6e0c_fea1265c22aa49dc91fe2ed8bcfaaaa2~mv2.png,Lapis Lazuli Bracelet,,,,,,,,,,,,,,,,,,,,,,,,,,,,,,,,,,,,,,,,,,,,,,,,,,,,,,,,,,,,,,,,,,,,,,,,,,,,,,,,,,,,
Product_9e0dcdc4-0ba8-40b6-ac16-457a1348d6ec,MEDIA,,,,,,1e6e0c_f6b0c1cb4030436997c417d80089573c~mv2.png,Lapis Lazuli Bracelet,,,,,,,,,,,,,,,,,,,,,,,,,,,,,,,,,,,,,,,,,,,,,,,,,,,,,,,,,,,,,,,,,,,,,,,,,,,,,,,,,,,,
Product_9e0dcdc4-0ba8-40b6-ac16-457a1348d6ec,MEDIA,,,,,,1e6e0c_435aedf6121449ee9d4bcd65fc354251~mv2.png,Lapis Lazuli Bracelet,,,,,,,,,,,,,,,,,,,,,,,,,,,,,,,,,,,,,,,,,,,,,,,,,,,,,,,,,,,,,,,,,,,,,,,,,,,,,,,,,,,,
Product_402ca4c5-e952-4ef2-a54f-baae17a474fc,PRODUCT,Pyrite Bracelet - for Sun Energy,true,"<p>Wealth Attraction Bracelet&nbsp;seekers will appreciate the powerful energy and premium design of this <span style=""font-weight: 700"">Pyrite Bracelet</span>&nbsp;from Mere Pandit Ji. Known as the “Stone of Wealth and Success,” Pyrite is believed to attract prosperity, abundance, positive energy, and financial growth while helping protect against negativity.</p><p>Crafted with beautifully polished natural Pyrite beads, this Pyrite Bracelet&nbsp;offers a luxurious metallic shine that perfectly complements both traditional and modern styles. The powerful energy of Pyrite is associated with confidence, motivation, focus, and success, making it an ideal accessory for professionals, entrepreneurs, students, and anyone striving to achieve their goals.</p><p>This elegant <span style=""font-weight: 700"">Wealth Attraction Bracelet</span>&nbsp;is not only a stylish fashion statement but also a meaningful spiritual accessory for daily wear, meditation, healing practices, and manifestation rituals. Its rich golden-bronze texture creates a sophisticated look while promoting inner strength, positivity, and determination.</p><p><span style=""font-weight: 700"">Benefits of Pyrite Bracelet:</span></p><ul><li><p>Attracts wealth, prosperity, and success</p></li><li><p>Enhances confidence and motivation</p></li><li><p>Helps remove negative energy</p></li><li><p>Supports focus, mental clarity, and decision-making</p></li><li><p>Encourages positivity and protection</p></li><li><p>Stylish luxury gemstone bracelet for daily wear</p></li></ul><p>Perfect for gifting or personal use, the Pyrite Bracelet&nbsp;combines spiritual energy with timeless elegance. Experience the power of natural healing crystals with this premium bracelet from <span style=""font-weight: 700"">Mere Pandit Ji</span>.</p>",bracelets,,,,,,899,,,,,,,5,false,,,,,,,,,,,,,,,,,,,,,,,,,,,,,,,,,,,,,,,,,,,,,,,,,,,,,,,,,,,,,,,,,,,,,,,,,
Product_402ca4c5-e952-4ef2-a54f-baae17a474fc,MEDIA,,,,,,1e6e0c_2652702d973446538d4b9570de4a0ec6~mv2.png,Pyrite Bracelet,,,,,,,,,,,,,,,,,,,,,,,,,,,,,,,,,,,,,,,,,,,,,,,,,,,,,,,,,,,,,,,,,,,,,,,,,,,,,,,,,,,,
Product_402ca4c5-e952-4ef2-a54f-baae17a474fc,MEDIA,,,,,,1e6e0c_2782e8131be64c56ac2c2c0c455c6f3c~mv2.png,Pyrite Bracelet,,,,,,,,,,,,,,,,,,,,,,,,,,,,,,,,,,,,,,,,,,,,,,,,,,,,,,,,,,,,,,,,,,,,,,,,,,,,,,,,,,,,
Product_402ca4c5-e952-4ef2-a54f-baae17a474fc,MEDIA,,,,,,1e6e0c_cba2b43c9b064f70bc6081a9cad602d3~mv2.png,Pyrite Bracelet,,,,,,,,,,,,,,,,,,,,,,,,,,,,,,,,,,,,,,,,,,,,,,,,,,,,,,,,,,,,,,,,,,,,,,,,,,,,,,,,,,,,
Product_402ca4c5-e952-4ef2-a54f-baae17a474fc,MEDIA,,,,,,1e6e0c_52a83d74469a424ba9ed608fc320ef2d~mv2.png,Pyrite Bracelet,,,,,,,,,,,,,,,,,,,,,,,,,,,,,,,,,,,,,,,,,,,,,,,,,,,,,,,,,,,,,,,,,,,,,,,,,,,,,,,,,,,,
Product_7222035f-c60d-40da-b3c6-3d21cb73a886,PRODUCT,Rose Quartz Bracelet - for Venus Planet,true,"<p>Love Stone Bracelet&nbsp;enthusiasts appreciate its beautiful combination of elegance, positivity, and emotional healing. Bring love, peace, and positive energy into your life with this beautifully crafted <span style=""font-weight: 700"">Rose Quartz Bracelet</span>. Known as the stone of unconditional love, Rose Quartz is believed to attract emotional healing, self-love, harmony, and strong relationships. Its soft pink glow gives a calm and luxurious feel, making it perfect for both spiritual benefits and everyday fashion.</p><p>This premium Rose Quartz Bracelet&nbsp;is made with carefully selected natural Rose Quartz beads featuring a smooth polished finish and elegant design. Whether you wear it daily, during meditation, or gift it to someone special, this bracelet adds a touch of positivity, beauty, and spiritual energy to your lifestyle.</p><p>At <span style=""font-weight: 700"">Mere Pandit Ji</span>, we bring you spiritually inspired products designed to enhance inner balance, emotional strength, and positive vibrations. This <span style=""font-weight: 700"">Love Stone Bracelet</span>&nbsp;is ideal for those seeking love, emotional stability, stress relief, and peaceful energy in life.</p><p><span style=""font-weight: 700"">Benefits of Rose Quartz Bracelet:</span></p><ul><li><p>Promotes love, compassion, and emotional healing</p></li><li><p>Helps reduce stress, anxiety, and negative emotions</p></li><li><p>Encourages self-love and inner peace</p></li><li><p>Supports harmony in relationships and marriage</p></li><li><p>Enhances positive and calming energy</p></li><li><p>Stylish spiritual accessory for daily wear</p></li></ul><p>Perfect for gifting, meditation, healing practices, or personal spiritual use. Add elegance, positivity, and loving energy to your everyday journey with this beautiful Rose Quartz Bracelet&nbsp;from Mere Pandit Ji.</p>",bracelets,,,,,,599,,,,,,,5,false,,,,,,,,,,,,,,,,,,,,,,,,,,,,,,,,,,,,,,,,,,,,,,,,,,,,,,,,,,,,,,,,,,,,,,,,,
Product_7222035f-c60d-40da-b3c6-3d21cb73a886,MEDIA,,,,,,1e6e0c_b14bcf0700ef47e68d9a61807f87c318~mv2.png,Rose Quartz Bracelet,,,,,,,,,,,,,,,,,,,,,,,,,,,,,,,,,,,,,,,,,,,,,,,,,,,,,,,,,,,,,,,,,,,,,,,,,,,,,,,,,,,,
Product_7222035f-c60d-40da-b3c6-3d21cb73a886,MEDIA,,,,,,1e6e0c_bccb028877e6407892cf9b5a22c116eb~mv2.png,Rose Quartz Bracelet,,,,,,,,,,,,,,,,,,,,,,,,,,,,,,,,,,,,,,,,,,,,,,,,,,,,,,,,,,,,,,,,,,,,,,,,,,,,,,,,,,,,
Product_7222035f-c60d-40da-b3c6-3d21cb73a886,MEDIA,,,,,,1e6e0c_fa86fa32c55b46a7864d644b6193b5d6~mv2.png,Rose Quartz Bracelet,,,,,,,,,,,,,,,,,,,,,,,,,,,,,,,,,,,,,,,,,,,,,,,,,,,,,,,,,,,,,,,,,,,,,,,,,,,,,,,,,,,,
Product_7222035f-c60d-40da-b3c6-3d21cb73a886,MEDIA,,,,,,1e6e0c_e678400156c244ceb3ec8c5c660971c0~mv2.png,Rose Quartz Bracelet,,,,,,,,,,,,,,,,,,,,,,,,,,,,,,,,,,,,,,,,,,,,,,,,,,,,,,,,,,,,,,,,,,,,,,,,,,,,,,,,,,,,
Product_768e15a2-38d0-4973-9193-a62cd8848bf1,PRODUCT,Rudarksh Karungali Bracelet - for Saturn Protection,true,"<p><span style=""font-weight: 700"">Spiritual Protection Bracelet</span>&nbsp;enthusiasts value accessories that combine sacred energy with meaningful design. Experience the divine power of the premium RUDARKSH KARUNGALI Bracelet&nbsp;from Mere Pandit Ji. Crafted with sacred Rudraksha beads and powerful Karungali wood beads, this bracelet is designed to bring positivity, inner strength, peace, and protection from negative energies.</p><p>Rudraksha is considered highly auspicious in Vedic traditions and is believed to help calm the mind, improve focus, and attract spiritual energy. Karungali wood, known for its strong protective vibrations, is traditionally worn to shield against negativity and balance energy levels. Together, these powerful elements create a meaningful spiritual accessory for everyday wear.</p><p>This premium handcrafted <span style=""font-weight: 700"">RUDARKSH KARUNGALI Bracelet</span>&nbsp;features smooth polished beads, a comfortable stretch fit, and an elegant spiritual look suitable for both men and women. </p><p>Whether you wear it during meditation, pooja, yoga, or daily life, this Spiritual Protection Bracelet&nbsp;helps you stay spiritually connected and energetically balanced.</p><p><span style=""font-weight: 700"">Benefits:</span></p><ul><li><p>Helps attract positive energy</p></li><li><p>Protects from negative vibrations</p></li><li><p>Supports mental peace and focus</p></li><li><p>Enhances spiritual connection</p></li><li><p>Stylish spiritual accessory for daily wear</p></li></ul><p>Perfect for gifting, meditation, spiritual healing, and personal wellness, this bracelet combines traditional Vedic energy with modern elegant style.</p><p><span style=""font-weight: 700"">Mere Pandit Ji</span>&nbsp;brings you authentic spiritual products crafted with devotion, positivity, and premium quality.</p>",bracelets,,,,,,399,,,,,,,4,false,,,,,,,,,,,,,,,,,,,,,,,,,,,,,,,,,,,,,,,,,,,,,,,,,,,,,,,,,,,,,,,,,,,,,,,,,
Product_768e15a2-38d0-4973-9193-a62cd8848bf1,MEDIA,,,,,,1e6e0c_22b721f388b848ecae7273f2b7fdaae4~mv2.png,Rudarksh Karungali Bracelet,,,,,,,,,,,,,,,,,,,,,,,,,,,,,,,,,,,,,,,,,,,,,,,,,,,,,,,,,,,,,,,,,,,,,,,,,,,,,,,,,,,,
Product_768e15a2-38d0-4973-9193-a62cd8848bf1,MEDIA,,,,,,1e6e0c_bdb659f712474480a9e053ccd7498b7c~mv2.png,Rudarksh Karungali Bracelet,,,,,,,,,,,,,,,,,,,,,,,,,,,,,,,,,,,,,,,,,,,,,,,,,,,,,,,,,,,,,,,,,,,,,,,,,,,,,,,,,,,,
Product_768e15a2-38d0-4973-9193-a62cd8848bf1,MEDIA,,,,,,1e6e0c_c23805ae69984f048776938d9ed8f491~mv2.png,Rudarksh Karungali Bracelet,,,,,,,,,,,,,,,,,,,,,,,,,,,,,,,,,,,,,,,,,,,,,,,,,,,,,,,,,,,,,,,,,,,,,,,,,,,,,,,,,,,,
Product_768e15a2-38d0-4973-9193-a62cd8848bf1,MEDIA,,,,,,1e6e0c_e3517919464d4a0183b79004b86168b3~mv2.png,Rudarksh Karungali Bracelet,,,,,,,,,,,,,,,,,,,,,,,,,,,,,,,,,,,,,,,,,,,,,,,,,,,,,,,,,,,,,,,,,,,,,,,,,,,,,,,,,,,,
Product_a5c4250a-b512-4bd3-b3f4-5b96299ddddb,PRODUCT,Sulemani Hakik Bracelet - for Rahu & Saturn,true,"<p><span style=""font-weight: 700"">Black Agate Bracelet</span>&nbsp;lovers appreciate its powerful blend of spiritual protection and timeless style, making the Sulemani Hakik Bracelet&nbsp;an ideal accessory for daily wear. Experience the powerful spiritual energy of this beautifully handcrafted gemstone bracelet designed for protection, positivity, and inner balance.</p><p>Known for its deep black and smoky natural patterns, Sulemani Hakik is considered one of the most powerful healing stones in Vedic spirituality and crystal healing practices. This premium <span style=""font-weight: 700"">Sulemani Hakik Bracelet</span>&nbsp;is made with polished natural Sulemani Hakik beads that not only enhance your style but also help attract calmness, confidence, and protection from negative energies. It is believed to strengthen mental clarity, improve focus, and create emotional stability during stressful situations.</p><p>The elegant and minimal design makes it perfect for daily wear, meditation, spiritual practices, office wear, or gifting purposes. Crafted with durable elastic for a comfortable fit, this Black Agate Bracelet&nbsp;blends luxury aesthetics with spiritual significance.</p><p><span style=""font-weight: 700"">Benefits of Sulemani Hakik Bracelet:</span></p><ul><li><p>Helps protect from negative energy and evil eye</p></li><li><p>Promotes mental peace and emotional balance</p></li><li><p>Enhances confidence and decision-making ability</p></li><li><p>Supports spiritual growth and grounding energy</p></li><li><p>Stylish premium look suitable for everyday wear</p></li></ul><p>At <span style=""font-weight: 700"">Mere Pandit Ji</span>, we bring spiritually energized and carefully selected gemstone products designed to support your positive lifestyle and spiritual journey.</p>",bracelets,,,,,,799,,,,,,,5,false,,,,,,,,,,,,,,,,,,,,,,,,,,,,,,,,,,,,,,,,,,,,,,,,,,,,,,,,,,,,,,,,,,,,,,,,,
Product_a5c4250a-b512-4bd3-b3f4-5b96299ddddb,MEDIA,,,,,,1e6e0c_080ace0d45414dffb01e12eb0c860515~mv2.png,Sulemani Hakik Bracelet,,,,,,,,,,,,,,,,,,,,,,,,,,,,,,,,,,,,,,,,,,,,,,,,,,,,,,,,,,,,,,,,,,,,,,,,,,,,,,,,,,,,
Product_a5c4250a-b512-4bd3-b3f4-5b96299ddddb,MEDIA,,,,,,1e6e0c_89326d5662a846fd8f1d613d02c3ae32~mv2.png,Sulemani Hakik Bracelet,,,,,,,,,,,,,,,,,,,,,,,,,,,,,,,,,,,,,,,,,,,,,,,,,,,,,,,,,,,,,,,,,,,,,,,,,,,,,,,,,,,,
Product_a5c4250a-b512-4bd3-b3f4-5b96299ddddb,MEDIA,,,,,,1e6e0c_1b1a84d740114cf6ae6e069ad560fe8b~mv2.png,Sulemani Hakik Bracelet,,,,,,,,,,,,,,,,,,,,,,,,,,,,,,,,,,,,,,,,,,,,,,,,,,,,,,,,,,,,,,,,,,,,,,,,,,,,,,,,,,,,
Product_a5c4250a-b512-4bd3-b3f4-5b96299ddddb,MEDIA,,,,,,1e6e0c_d14946d0c5834276a00e0426066627a9~mv2.png,Sulemani Hakik Bracelet,,,,,,,,,,,,,,,,,,,,,,,,,,,,,,,,,,,,,,,,,,,,,,,,,,,,,,,,,,,,,,,,,,,,,,,,,,,,,,,,,,,,
Product_6e056e8f-d4c1-4f7c-8e23-972374cefdd2,PRODUCT,Tiger Eye Bracelet - for Sun & Mars,true,"<p><span style=""font-weight: 700"">Natural Tiger Eye Stone Bracelet</span>&nbsp;enthusiasts value its powerful combination of style, confidence, and spiritual energy. Bring protection, courage, and positivity into your life with this beautifully crafted Tiger Eye Bracelet. Known for its powerful spiritual properties, Tiger Eye stone is believed to enhance courage, focus, inner strength, and mental clarity. Its rich golden-brown natural shine gives the bracelet a premium and elegant look, making it perfect for both daily wear and spiritual use.</p><p>This Tiger Eye Bracelet&nbsp;is carefully designed using high-quality natural Tiger Eye beads with a smooth polished finish for a luxurious feel. The warm earthy tones symbolize stability, confidence, and grounding energy. Many people wear a Natural Tiger Eye Stone Bracelet&nbsp;to attract success, remove negativity, improve decision-making, and boost self-confidence in career, business, and personal life.</p><p>The stretchable and comfortable design makes it suitable for both men and women. Whether you wear it during meditation, spiritual practices, office work, or daily activities, this bracelet adds a stylish yet meaningful touch to your personality.</p><p>Perfect as a spiritual accessory, healing bracelet, or thoughtful gift for loved ones, the <span style=""font-weight: 700"">Tiger Eye Bracelet</span>&nbsp;combines fashion with positive energy. Experience the power of natural gemstones and elevate your spiritual journey with this premium bracelet from Mere Pandit Ji.</p>",bracelets,,,,,,799,,,,,,,5,false,,,,,,,,,,,,,,,,,,,,,,,,,,,,,,,,,,,,,,,,,,,,,,,,,,,,,,,,,,,,,,,,,,,,,,,,,
Product_6e056e8f-d4c1-4f7c-8e23-972374cefdd2,MEDIA,,,,,,1e6e0c_ae99a2b23d294d41a46bda8ec34580c8~mv2.png,Tiger Eye Bracelet,,,,,,,,,,,,,,,,,,,,,,,,,,,,,,,,,,,,,,,,,,,,,,,,,,,,,,,,,,,,,,,,,,,,,,,,,,,,,,,,,,,,
Product_6e056e8f-d4c1-4f7c-8e23-972374cefdd2,MEDIA,,,,,,1e6e0c_c8884d92d072471c8ac8917157280a94~mv2.png,Tiger Eye Bracelet,,,,,,,,,,,,,,,,,,,,,,,,,,,,,,,,,,,,,,,,,,,,,,,,,,,,,,,,,,,,,,,,,,,,,,,,,,,,,,,,,,,,
Product_6e056e8f-d4c1-4f7c-8e23-972374cefdd2,MEDIA,,,,,,1e6e0c_652444e9009f407483fd29fd732deec8~mv2.png,Tiger Eye Bracelet,,,,,,,,,,,,,,,,,,,,,,,,,,,,,,,,,,,,,,,,,,,,,,,,,,,,,,,,,,,,,,,,,,,,,,,,,,,,,,,,,,,,
Product_6e056e8f-d4c1-4f7c-8e23-972374cefdd2,MEDIA,,,,,,1e6e0c_ec5a05ca660d4f8b9d4ae05e24d5b729~mv2.png,Tiger Eye Bracelet,,,,,,,,,,,,,,,,,,,,,,,,,,,,,,,,,,,,,,,,,,,,,,,,,,,,,,,,,,,,,,,,,,,,,,,,,,,,,,,,,,,,
Product_79d4693a-52e8-417e-8547-eb8278bcbeaa,PRODUCT,Aura Crystal Pendant - For Positive Energy,true,"<p>Enhance your spiritual energy and everyday style with the beautiful Aura Crystal Pendant from <span style=""font-weight: 700"">Mere Pandit Ji</span>. Crafted with a mesmerizing aura-coated crystal finish, this pendant reflects vibrant rainbow shades that symbolize positivity, healing, peace, and inner balance. Known for attracting positive vibrations and uplifting energy, the Aura Crystal Pendant is perfect for meditation, spiritual growth, emotional healing, and daily wear.</p><p>Its elegant and radiant design makes it suitable for both men and women who seek spiritual protection along with a modern luxury look. The crystal’s shimmering aura effect is believed to cleanse negative energies, improve focus, boost confidence, and promote emotional harmony. Whether you wear it during meditation, yoga, spiritual practices, or as a stylish everyday accessory, this pendant adds a divine and calming presence to your personality.</p><p>The Aura Crystal Pendant is carefully designed to offer a premium spiritual experience while complementing any outfit beautifully. It also makes a thoughtful gift for loved ones who believe in healing crystals, positive energy, and spiritual wellness.</p><h3>Benefits of Aura Crystal Pendant:</h3><ul><li><p>Attracts positive energy and peace</p></li><li><p>Helps balance emotions and chakras</p></li><li><p>Supports meditation and spiritual healing</p></li><li><p>Enhances confidence and mental clarity</p></li><li><p>Protects from negative vibrations</p></li><li><p>Stylish luxury spiritual jewelry for daily wear</p></li></ul><p>Experience the perfect blend of spirituality, healing energy, and elegance with the Aura Crystal Pendant by <span style=""font-weight: 700"">Mere Pandit Ji</span>.</p>",pendant,pendant,,,,,2499,,,,,,0,5,false,,,,,,,,,,,,,,,,,,,,,,,,,,,,,,,,,,,,,,,,,,,,,,,,,,,,,,,,,,,,,,,,,,,,,,,,,
Product_79d4693a-52e8-417e-8547-eb8278bcbeaa,MEDIA,,,,,,1e6e0c_9288d0790ff44a53a5b2eb489664de06~mv2.png,Aura Crystal Pendant,,,,,,,,,,,,,,,,,,,,,,,,,,,,,,,,,,,,,,,,,,,,,,,,,,,,,,,,,,,,,,,,,,,,,,,,,,,,,,,,,,,,
Product_79d4693a-52e8-417e-8547-eb8278bcbeaa,MEDIA,,,,,,1e6e0c_a6ac219db872409cbf46f0184ac30276~mv2.png,Aura Crystal Pendant,,,,,,,,,,,,,,,,,,,,,,,,,,,,,,,,,,,,,,,,,,,,,,,,,,,,,,,,,,,,,,,,,,,,,,,,,,,,,,,,,,,,
Product_79d4693a-52e8-417e-8547-eb8278bcbeaa,MEDIA,,,,,,1e6e0c_3477f36e22fa4712931f75adc8da7567~mv2.png,Aura Crystal Pendant,,,,,,,,,,,,,,,,,,,,,,,,,,,,,,,,,,,,,,,,,,,,,,,,,,,,,,,,,,,,,,,,,,,,,,,,,,,,,,,,,,,,
Product_79d4693a-52e8-417e-8547-eb8278bcbeaa,MEDIA,,,,,,1e6e0c_57398a505a9a4fbbab2c6c45253174dc~mv2.png,Aura Crystal Pendant,,,,,,,,,,,,,,,,,,,,,,,,,,,,,,,,,,,,,,,,,,,,,,,,,,,,,,,,,,,,,,,,,,,,,,,,,,,,,,,,,,,,
Product_956b50fc-fae8-48b0-99d6-de256a5be4d5,PRODUCT,Aura Crystal Small,true,"<p>Aura Crystal Small&nbsp;and <span style=""font-weight: 700"">Aura Quartz Crystal</span>&nbsp;are celebrated for their vibrant colors and uplifting energy, making the Aura Crystal Necklace&nbsp;a stunning addition to any jewelry collection. Handcrafted with care, this statement piece radiates elegance, positivity, and spiritual charm. Featuring a raw multicolor aura crystal wrapped delicately in premium gold wire, the pendant displays mesmerizing shades of green, pink, and iridescent tones that symbolize balance, healing, and positive energy.</p><p>Suspended on a sleek gold-tone chain, the <span style=""font-weight: 700"">Aura Crystal Necklace</span>&nbsp;offers a minimal yet luxurious aesthetic perfect for daily wear, spiritual styling, or special occasions. The natural raw texture of the crystal makes every piece one of a kind, adding authenticity and artistic beauty.</p><p>Lightweight, stylish, and spiritually inspired, this <span style=""font-weight: 700"">Aura Crystal Small</span>&nbsp;pendant pairs effortlessly with both modern and bohemian outfits. Whether you're searching for a meaningful gift or a timeless crystal accessory, the Aura Crystal Necklace&nbsp;combines natural energy, elegance, and handcrafted craftsmanship in one beautiful design. Perfect for crystal enthusiasts seeking beauty, positivity, and unique gemstone jewelry.</p><p>Suspended on a sleek gold-tone chain, the Aura Crystal Necklace&nbsp;offers a minimal yet luxurious aesthetic perfect for daily wear, spiritual styling, or special occasions. The natural raw texture of the crystal makes every piece one of a kind, adding authenticity and artistic beauty.</p><p>Lightweight, stylish, and spiritually inspired, this necklace pairs effortlessly with both modern and bohemian outfits. Whether you're searching for a meaningful gift or a timeless crystal accessory, the Aura Crystal Necklace&nbsp;combines natural energy, elegance, and handcrafted craftsmanship in one beautiful design. Perfect for crystal enthusiasts seeking beauty, positivity, and unique gemstone jewelry.</p>",pendant,pendant,,,,,499,,,,,,,5,false,,,,,,,,,,,,,,,,,,,,,,,,,,,,,,,,,,,,,,,,,,,,,,,,,,,,,,,,,,,,,,,,,,,,,,,,,
Product_956b50fc-fae8-48b0-99d6-de256a5be4d5,MEDIA,,,,,,1e6e0c_b0a9a6ac9fdc42f9b991c6e58a6424b6~mv2.png,Aura crystal small,,,,,,,,,,,,,,,,,,,,,,,,,,,,,,,,,,,,,,,,,,,,,,,,,,,,,,,,,,,,,,,,,,,,,,,,,,,,,,,,,,,,
Product_956b50fc-fae8-48b0-99d6-de256a5be4d5,MEDIA,,,,,,1e6e0c_bbc17f67a6f546af94843fab5ee40355~mv2.png,Aura crystal small,,,,,,,,,,,,,,,,,,,,,,,,,,,,,,,,,,,,,,,,,,,,,,,,,,,,,,,,,,,,,,,,,,,,,,,,,,,,,,,,,,,,
Product_956b50fc-fae8-48b0-99d6-de256a5be4d5,MEDIA,,,,,,1e6e0c_a80eb5f896484d0184b3fbb6e4d256f4~mv2.png,Aura crystal small,,,,,,,,,,,,,,,,,,,,,,,,,,,,,,,,,,,,,,,,,,,,,,,,,,,,,,,,,,,,,,,,,,,,,,,,,,,,,,,,,,,,
Product_956b50fc-fae8-48b0-99d6-de256a5be4d5,MEDIA,,,,,,1e6e0c_570cf024a4e24db0865504034a4ceaba~mv2.png,Aura crystal small,,,,,,,,,,,,,,,,,,,,,,,,,,,,,,,,,,,,,,,,,,,,,,,,,,,,,,,,,,,,,,,,,,,,,,,,,,,,,,,,,,,,
Product_a8a6676b-2952-4b5b-8a1b-dfcd98a0888d,PRODUCT,Howlite Crystal Pendant,true,"<p><span style=""font-weight: 700"">Natural Howlite Stone</span>&nbsp;is admired for its calming energy and elegant appearance, making the Howlite Crystal Pendant&nbsp;a timeless addition to any jewelry collection. Handcrafted to inspire peace, balance, and inner clarity, this pendant features a natural raw white howlite stone with beautiful grey veining that radiates simplicity and spiritual charm.</p><p>Suspended on a durable black adjustable cord with subtle stone bead accents, the necklace blends natural beauty with everyday comfort. Known for its soothing and grounding properties, howlite is often associated with relaxation, mindfulness, emotional healing, and stress relief. The raw organic texture ensures every Howlite Crystal Pendant&nbsp;is naturally unique, adding authenticity and artistic appeal.</p><p>Lightweight, versatile, and spiritually inspired, this pendant pairs effortlessly with casual, bohemian, and minimalist styles. Whether worn as a meaningful personal accessory or gifted to someone special, the <span style=""font-weight: 700"">Howlite Crystal Pendant</span>&nbsp;combines natural elegance, calming energy, and handcrafted craftsmanship in one beautiful and timeless design.</p>",pendant,pendant,,,,,499,,,,,,,5,false,,,,,,,,,,,,,,,,,,,,,,,,,,,,,,,,,,,,,,,,,,,,,,,,,,,,,,,,,,,,,,,,,,,,,,,,,
Product_a8a6676b-2952-4b5b-8a1b-dfcd98a0888d,MEDIA,,,,,,1e6e0c_88cee0be871743e68d9cb047bf5bc841~mv2.png,Howlite Crystal Pendant,,,,,,,,,,,,,,,,,,,,,,,,,,,,,,,,,,,,,,,,,,,,,,,,,,,,,,,,,,,,,,,,,,,,,,,,,,,,,,,,,,,,
Product_a8a6676b-2952-4b5b-8a1b-dfcd98a0888d,MEDIA,,,,,,1e6e0c_a0d34e24e01e487f85a38fb4b28023a5~mv2.png,Howlite Crystal Pendant,,,,,,,,,,,,,,,,,,,,,,,,,,,,,,,,,,,,,,,,,,,,,,,,,,,,,,,,,,,,,,,,,,,,,,,,,,,,,,,,,,,,
Product_a8a6676b-2952-4b5b-8a1b-dfcd98a0888d,MEDIA,,,,,,1e6e0c_649154ed74cc4efab19141b28f74728a~mv2.png,Howlite Crystal Pendant,,,,,,,,,,,,,,,,,,,,,,,,,,,,,,,,,,,,,,,,,,,,,,,,,,,,,,,,,,,,,,,,,,,,,,,,,,,,,,,,,,,,
Product_a8a6676b-2952-4b5b-8a1b-dfcd98a0888d,MEDIA,,,,,,1e6e0c_bc6a162551dd43ae9b6e2f0e76654c71~mv2.png,Howlite Crystal Pendant,,,,,,,,,,,,,,,,,,,,,,,,,,,,,,,,,,,,,,,,,,,,,,,,,,,,,,,,,,,,,,,,,,,,,,,,,,,,,,,,,,,,
Product_e324f9a9-16cc-48ed-b39a-20d5445d9f6f,PRODUCT,Rose Quartz Crystal Pendant,true,"<p><span style=""font-weight: 700"">Rose Quartz Stone</span>&nbsp;is cherished for its gentle energy and timeless beauty, making the Rose Quartz Crystal Pendant&nbsp;a meaningful accessory for everyday wear. Beautifully handcrafted, this pendant symbolizes love, compassion, and emotional healing. Featuring a natural raw rose quartz stone in a soft blush pink tone, it radiates calming and feminine elegance.</p><p>Suspended on a durable black adjustable cord with delicate bead accents, the necklace blends minimal style with earthy spiritual charm. Known as the “Stone of Love,” rose quartz is believed to encourage self-love, harmony, positivity, and emotional balance. The raw crystal texture ensures every <span style=""font-weight: 700"">Rose Quartz Crystal Pendant</span>&nbsp;is naturally unique, adding authenticity and artistic beauty to your jewelry collection.</p><p>Lightweight, versatile, and timeless, this pendant complements casual, bohemian, and modern outfits effortlessly. Whether worn daily as a meaningful spiritual accessory or gifted to someone special, the Rose Quartz Crystal Pendant&nbsp;offers a perfect combination of natural beauty, calming energy, and handcrafted craftsmanship. Perfect for crystal lovers seeking balance, positivity, and heartfelt connections.</p>",pendant,pendant,,,,,499,,,,,,,5,false,,,,,,,,,,,,,,,,,,,,,,,,,,,,,,,,,,,,,,,,,,,,,,,,,,,,,,,,,,,,,,,,,,,,,,,,,
Product_e324f9a9-16cc-48ed-b39a-20d5445d9f6f,MEDIA,,,,,,1e6e0c_acb11dbd0c974275aa5762df5faccecd~mv2.png,Rose Quartz Crystal Pendant,,,,,,,,,,,,,,,,,,,,,,,,,,,,,,,,,,,,,,,,,,,,,,,,,,,,,,,,,,,,,,,,,,,,,,,,,,,,,,,,,,,,
Product_e324f9a9-16cc-48ed-b39a-20d5445d9f6f,MEDIA,,,,,,1e6e0c_1f5aca523212452bb7ad69ce618cda02~mv2.png,Rose Quartz Crystal Pendant,,,,,,,,,,,,,,,,,,,,,,,,,,,,,,,,,,,,,,,,,,,,,,,,,,,,,,,,,,,,,,,,,,,,,,,,,,,,,,,,,,,,
Product_e324f9a9-16cc-48ed-b39a-20d5445d9f6f,MEDIA,,,,,,1e6e0c_40dddfa161594344b8bc6b3aa740fe8c~mv2.png,Rose Quartz Crystal Pendant,,,,,,,,,,,,,,,,,,,,,,,,,,,,,,,,,,,,,,,,,,,,,,,,,,,,,,,,,,,,,,,,,,,,,,,,,,,,,,,,,,,,
Product_e324f9a9-16cc-48ed-b39a-20d5445d9f6f,MEDIA,,,,,,1e6e0c_9ae2214aba83420580379796ac48a591~mv2.png,Rose Quartz Crystal Pendant,,,,,,,,,,,,,,,,,,,,,,,,,,,,,,,,,,,,,,,,,,,,,,,,,,,,,,,,,,,,,,,,,,,,,,,,,,,,,,,,,,,,
Product_8e8279e4-bd87-4a61-a24e-255570717045,PRODUCT,Sodalite Crystal Pendant,true,"<p><span style=""font-weight: 700"">Natural Sodalite Stone</span>&nbsp;is admired for its deep blue beauty and calming energy, making the Sodalite Crystal Pendant&nbsp;a meaningful addition to any jewelry collection. Featuring a striking raw blue sodalite stone with natural textured patterns, this handcrafted pendant radiates clarity, confidence, and inner peace.</p><p>Suspended on a sleek black adjustable cord with subtle bead accents, the necklace blends modern minimalism with earthy spiritual charm. Known as the “Stone of Wisdom,” sodalite is believed to encourage self-expression, mental clarity, emotional balance, and positive communication. The raw crystal finish ensures every Sodalite Crystal Pendant&nbsp;is naturally unique, making each piece one of a kind.</p><p>Lightweight, versatile, and spiritually inspired, this pendant pairs effortlessly with casual, bohemian, and contemporary styles. </p><p>Whether worn daily as a meaningful accessory or gifted to someone special, the <span style=""font-weight: 700"">Sodalite Crystal Pendant</span>&nbsp;combines natural beauty, calming energy, and handcrafted craftsmanship in one timeless design. Perfect for crystal enthusiasts seeking balance, wisdom, and authentic gemstone jewelry.</p>",pendant,pendant,,,,,499,,,,,,,5,false,,,,,,,,,,,,,,,,,,,,,,,,,,,,,,,,,,,,,,,,,,,,,,,,,,,,,,,,,,,,,,,,,,,,,,,,,
Product_8e8279e4-bd87-4a61-a24e-255570717045,MEDIA,,,,,,1e6e0c_24b6e78483304dd19d1b2a1bdd0f896d~mv2.png,Sodalite Crystal Pendant,,,,,,,,,,,,,,,,,,,,,,,,,,,,,,,,,,,,,,,,,,,,,,,,,,,,,,,,,,,,,,,,,,,,,,,,,,,,,,,,,,,,
Product_8e8279e4-bd87-4a61-a24e-255570717045,MEDIA,,,,,,1e6e0c_365e3ee6fdef4cf8930af4f78ffbe954~mv2.png,Sodalite Crystal Pendant,,,,,,,,,,,,,,,,,,,,,,,,,,,,,,,,,,,,,,,,,,,,,,,,,,,,,,,,,,,,,,,,,,,,,,,,,,,,,,,,,,,,
Product_8e8279e4-bd87-4a61-a24e-255570717045,MEDIA,,,,,,1e6e0c_036eafeb165f48adba9b29a1d7812bbb~mv2.png,Sodalite Crystal Pendant,,,,,,,,,,,,,,,,,,,,,,,,,,,,,,,,,,,,,,,,,,,,,,,,,,,,,,,,,,,,,,,,,,,,,,,,,,,,,,,,,,,,
Product_8e8279e4-bd87-4a61-a24e-255570717045,MEDIA,,,,,,1e6e0c_b5dc94cc04574b63b1fb807f8b0e2edf~mv2.png,Sodalite Crystal Pendant,,,,,,,,,,,,,,,,,,,,,,,,,,,,,,,,,,,,,,,,,,,,,,,,,,,,,,,,,,,,,,,,,,,,,,,,,,,,,,,,,,,,
Product_e57d8da4-60ea-4902-bca9-74b7345c451d,PRODUCT,Tiger Eye Crystal Pendant,true,"<p>Tiger Eye Stone Necklace&nbsp;lovers will appreciate the bold elegance of the <span style=""font-weight: 700"">Tiger Eye Crystal Pendant</span>, a handcrafted accessory designed to inspire confidence, strength, and positive energy. Featuring a natural raw Tiger Eye stone with rich golden-brown tones and earthy textures, this pendant radiates warmth, protection, and timeless style.</p><p>Suspended on a sleek gold-tone chain with subtle bead accents, the necklace blends modern minimalism with natural spiritual beauty. Known as the “Stone of Courage,” Tiger Eye is believed to promote confidence, mental clarity, grounding, and personal empowerment. The raw crystal finish makes every Tiger Eye Crystal Pendant&nbsp;naturally unique, adding authenticity and artistic charm to your jewelry collection.</p><p>Lightweight, versatile, and spiritually inspired, this <span style=""font-weight: 700"">Tiger Eye Stone Necklace</span>&nbsp;pairs effortlessly with casual, bohemian, and contemporary styles. Whether worn daily as a meaningful accessory or gifted to someone special, the Tiger Eye Crystal Pendant&nbsp;combines natural beauty, powerful energy, and handcrafted craftsmanship in one elegant and timeless design.</p>",pendant,pendant,,,,,499,,,,,,,5,false,,,,,,,,,,,,,,,,,,,,,,,,,,,,,,,,,,,,,,,,,,,,,,,,,,,,,,,,,,,,,,,,,,,,,,,,,
Product_e57d8da4-60ea-4902-bca9-74b7345c451d,MEDIA,,,,,,1e6e0c_582f5aeed79a4a48804554cff8434c0c~mv2.png,Tiger Eye Crystal Pendant,,,,,,,,,,,,,,,,,,,,,,,,,,,,,,,,,,,,,,,,,,,,,,,,,,,,,,,,,,,,,,,,,,,,,,,,,,,,,,,,,,,,
Product_e57d8da4-60ea-4902-bca9-74b7345c451d,MEDIA,,,,,,1e6e0c_b49a07a5290f49e5a049fdea49791abd~mv2.png,Tiger Eye Crystal Pendant,,,,,,,,,,,,,,,,,,,,,,,,,,,,,,,,,,,,,,,,,,,,,,,,,,,,,,,,,,,,,,,,,,,,,,,,,,,,,,,,,,,,
Product_e57d8da4-60ea-4902-bca9-74b7345c451d,MEDIA,,,,,,1e6e0c_df9c62e74c0143fe99b14f0d5a39b893~mv2.png,Tiger Eye Crystal Pendant,,,,,,,,,,,,,,,,,,,,,,,,,,,,,,,,,,,,,,,,,,,,,,,,,,,,,,,,,,,,,,,,,,,,,,,,,,,,,,,,,,,,
Product_e57d8da4-60ea-4902-bca9-74b7345c451d,MEDIA,,,,,,1e6e0c_a9f0f978618f444497637fa37734df0a~mv2.png,Tiger Eye Crystal Pendant,,,,,,,,,,,,,,,,,,,,,,,,,,,,,,,,,,,,,,,,,,,,,,,,,,,,,,,,,,,,,,,,,,,,,,,,,,,,,,,,,,,,
Product_764937f4-3c29-4d76-8856-fcc6213701e4,PRODUCT,White Quartz Crystal Pendant,true,"<p>Natural Quartz Crystal Jewelry&nbsp;brings together elegance, spiritual meaning, and timeless style, making the <span style=""font-weight: 700"">White Quartz Crystal Pendant</span>&nbsp;a beautiful addition to any collection. Featuring a natural raw white quartz crystal with luminous translucent textures, this handcrafted pendant symbolizes clarity, balance, and positive energy.</p><p>Suspended on a durable black adjustable cord with subtle bead accents, the necklace blends minimalist design with earthy sophistication. Known as the “Master Healer” crystal, white quartz is believed to amplify positivity, mental clarity, focus, and inner harmony. The raw crystal finish ensures every White Quartz Crystal Pendant&nbsp;is naturally unique, adding authenticity and artistic charm.</p><p>Lightweight, versatile, and spiritually inspired, this piece of <span style=""font-weight: 700"">Natural Quartz Crystal Jewelry</span>&nbsp;pairs effortlessly with casual, bohemian, and modern styles. Whether worn daily or gifted to someone special, the White Quartz Crystal Pendant&nbsp;combines natural beauty, calming energy, and handcrafted craftsmanship in one elegant and meaningful accessory.</p>",pendant,pendant,,,,,499,,,,,,,5,false,,,,,,,,,,,,,,,,,,,,,,,,,,,,,,,,,,,,,,,,,,,,,,,,,,,,,,,,,,,,,,,,,,,,,,,,,
Product_764937f4-3c29-4d76-8856-fcc6213701e4,MEDIA,,,,,,1e6e0c_f351cd7d255e4fdba15b21b9d3f43ee2~mv2.png,White Quartz Crystal Pendant,,,,,,,,,,,,,,,,,,,,,,,,,,,,,,,,,,,,,,,,,,,,,,,,,,,,,,,,,,,,,,,,,,,,,,,,,,,,,,,,,,,,
Product_764937f4-3c29-4d76-8856-fcc6213701e4,MEDIA,,,,,,1e6e0c_3d3d096c1d9040d2a0bbd106ad05ad21~mv2.png,White Quartz Crystal Pendant,,,,,,,,,,,,,,,,,,,,,,,,,,,,,,,,,,,,,,,,,,,,,,,,,,,,,,,,,,,,,,,,,,,,,,,,,,,,,,,,,,,,
Product_764937f4-3c29-4d76-8856-fcc6213701e4,MEDIA,,,,,,1e6e0c_b5ab9a634cc44f0f9dc08222d2ffdfc0~mv2.png,White Quartz Crystal Pendant,,,,,,,,,,,,,,,,,,,,,,,,,,,,,,,,,,,,,,,,,,,,,,,,,,,,,,,,,,,,,,,,,,,,,,,,,,,,,,,,,,,,
Product_764937f4-3c29-4d76-8856-fcc6213701e4,MEDIA,,,,,,1e6e0c_9661e38c816f4a7a822ff5c2255a713e~mv2.png,White Quartz Crystal Pendant,,,,,,,,,,,,,,,,,,,,,,,,,,,,,,,,,,,,,,,,,,,,,,,,,,,,,,,,,,,,,,,,,,,,,,,,,,,,,,,,,,,,
Product_7386b3bd-12fd-4715-826e-1e30681ca93f,PRODUCT,Yellow Calcite Crystal Pendant,true,"<p>Healing Crystal Necklace&nbsp;lovers will appreciate the radiant beauty of the <span style=""font-weight: 700"">Yellow Calcite Crystal Pendant</span>, a handcrafted accessory designed to inspire positivity, confidence, and uplifting energy. Featuring a natural raw yellow calcite stone with warm golden hues and organic textures, this pendant brings a bright and earthy elegance to any look.</p><p>Suspended on a durable black adjustable cord with subtle bead accents, the necklace blends minimalist design with spiritual charm. Known for its energizing and motivational properties, yellow calcite is believed to encourage self-confidence, mental clarity, creativity, and emotional balance. The raw crystal finish makes every pendant naturally unique, adding authenticity and artistic appeal to your jewelry collection.</p><p>Lightweight, versatile, and spiritually inspired, this <span style=""font-weight: 700"">Healing Crystal Necklace</span>&nbsp;pairs effortlessly with casual, bohemian, and modern outfits. Whether worn daily as a meaningful accessory or gifted to someone special, the Yellow Calcite Crystal Pendant&nbsp;combines natural beauty, positive energy, and handcrafted craftsmanship in one timeless design.</p>",pendant,pendant,,,,,499,,,,,,,5,false,,,,,,,,,,,,,,,,,,,,,,,,,,,,,,,,,,,,,,,,,,,,,,,,,,,,,,,,,,,,,,,,,,,,,,,,,
Product_7386b3bd-12fd-4715-826e-1e30681ca93f,MEDIA,,,,,,1e6e0c_b94dd233d1f045c4af8b5b384be720c0~mv2.png,Yellow Calcite Crystal Pendant,,,,,,,,,,,,,,,,,,,,,,,,,,,,,,,,,,,,,,,,,,,,,,,,,,,,,,,,,,,,,,,,,,,,,,,,,,,,,,,,,,,,
Product_7386b3bd-12fd-4715-826e-1e30681ca93f,MEDIA,,,,,,1e6e0c_ee48f65b061f4f95bf1ec523cb15d3ad~mv2.png,Yellow Calcite Crystal Pendant,,,,,,,,,,,,,,,,,,,,,,,,,,,,,,,,,,,,,,,,,,,,,,,,,,,,,,,,,,,,,,,,,,,,,,,,,,,,,,,,,,,,
Product_7386b3bd-12fd-4715-826e-1e30681ca93f,MEDIA,,,,,,1e6e0c_5a9ed4a16c47456a82ee12d25be51eb0~mv2.png,Yellow Calcite Crystal Pendant,,,,,,,,,,,,,,,,,,,,,,,,,,,,,,,,,,,,,,,,,,,,,,,,,,,,,,,,,,,,,,,,,,,,,,,,,,,,,,,,,,,,
Product_7386b3bd-12fd-4715-826e-1e30681ca93f,MEDIA,,,,,,1e6e0c_b432ef27062d4c1b933279d7c15749b5~mv2.png,Yellow Calcite Crystal Pendant,,,,,,,,,,,,,,,,,,,,,,,,,,,,,,,,,,,,,,,,,,,,,,,,,,,,,,,,,,,,,,,,,,,,,,,,,,,,,,,,,,,,
